order,species,family,locomotion,logmass,mig,hetero,abslat,latitude,diet,hemisphere,habitat_category,habitat_sub,mig.het1,mig.het2
Chiroptera,Antrozous_pallidus,Vespertilionidae,A,1.32,1,1,33.69,33.69,Insectivore,N,Forest,TEF,3,1
Chiroptera,Artibeus_jamaicensis,Phyllostomidae,A,1.63,1,1,13.58,13.58,Frugivore,N,Forest,TRF,3,1
Chiroptera,Asellia_tridens,Rhinolophidae,A,1.08,1,1,22.7,22.7,Insectivore,N,Savanna,GS,3,1
Chiroptera,Barbastella_barbastellus,Vespertilionidae,A,0.9,1,1,47.72,47.72,Insectivore,N,Forest,TEF,3,1
Chiroptera,Choeronycteris_mexicana,Phyllostomidae,A,1.22,1,1,24.46,24.46,Frugivore,N,Forest,TRF,3,1
Chiroptera,Desmodus_rotundus,Phyllostomidae,A,1.52,1,1,7.96,-7.96,Carnivore,S,Forest,TRF,3,1
Chiroptera,Euderma_maculatum,Vespertilionidae,A,1.19,1,1,38.67,38.67,Insectivore,N,Forest,TRF,3,1
Chiroptera,Lasionycteris_noctivagans,Vespertilionidae,A,1.02,1,1,43.8,43.8,Insectivore,N,Forest,TEF,3,1
Chiroptera,Lasiurus_borealis,Vespertilionidae,A,1.03,1,1,38.51,38.51,Insectivore,N,Forest,TEF,3,1
Chiroptera,Lasiurus_cinereus,Vespertilionidae,A,1.4,1,1,27.79,27.79,Insectivore,N,Forest,TEF,3,1
Chiroptera,Lasiurus_intermedius,Vespertilionidae,A,1.36,1,1,24.26,24.26,Insectivore,N,Forest,TEF,3,1
Chiroptera,Lasiurus_seminolus,Vespertilionidae,A,1,1,1,32.37,32.37,Insectivore,N,Forest,TRF,3,1
Chiroptera,Miniopterus_australis,Vespertilionidae,A,0.86,1,1,4.71,-4.71,Insectivore,S,Forest,TEF,3,1
Chiroptera,Myotis_blythii,Vespertilionidae,A,1.35,1,1,39.66,39.66,Insectivore,N,Shrubland,TES,3,1
Chiroptera,Myotis_chiloensis,Vespertilionidae,A,0.82,1,1,43.18,-43.18,Insectivore,S,Forest,BF,3,1
Chiroptera,Myotis_chinensis,Vespertilionidae,A,1.62,1,1,24.95,24.95,Insectivore,N,Forest,TRF,3,1
Chiroptera,Myotis_dasycneme,Vespertilionidae,A,1.15,1,1,55.17,55.17,Insectivore,N,Forest,BF,3,1
Chiroptera,Myotis_grisescens,Vespertilionidae,A,1.02,1,1,36.41,36.41,Insectivore,N,Forest,TEF,3,1
Chiroptera,Myotis_lucifugus,Vespertilionidae,A,0.88,1,1,49.73,49.73,Insectivore,N,Forest,TEF,3,1
Chiroptera,Myotis_myotis,Vespertilionidae,A,1.39,1,1,44.92,44.92,Insectivore,N,Forest,TEF,3,1
Chiroptera,Myotis_mystacinus,Vespertilionidae,A,0.7,1,1,51.18,51.18,Insectivore,N,Forest,BF,3,1
Chiroptera,Myotis_sodalis,Vespertilionidae,A,0.84,1,1,38.65,38.65,Insectivore,N,Forest,TEF,3,1
Chiroptera,Myotis_thysanodes,Vespertilionidae,A,0.91,1,1,34.86,34.86,Insectivore,N,Forest,TEF,3,1
Chiroptera,Myotis_velifer,Vespertilionidae,A,1,1,1,27.46,27.46,Insectivore,N,Forest,TEF,3,1
Chiroptera,Myotis_volans,Vespertilionidae,A,0.93,1,1,42.1,42.1,Insectivore,N,Forest,TEF,3,1
Chiroptera,Myotis_yumanensis,Vespertilionidae,A,0.73,1,1,37.87,37.87,Insectivore,N,Forest,TEF,3,1
Chiroptera,Nyctalus_lasiopterus,Vespertilionidae,A,1.7,1,1,48.63,48.63,Insectivore,N,Forest,TEF,3,1
Chiroptera,Nyctalus_leisleri,Vespertilionidae,A,1.12,1,1,47.39,47.39,Insectivore,N,Forest,TEF,3,1
Chiroptera,Nyctalus_noctula,Vespertilionidae,A,1.45,1,1,47.63,47.63,Insectivore,N,Forest,TEF,3,1
Chiroptera,Nycteris_thebaica,Nycteridae,A,0.99,1,1,2.54,-2.54,Insectivore,S,Forest,TRF,3,1
Chiroptera,Nycticeius_humeralis,Vespertilionidae,A,0.95,1,1,35.33,35.33,Insectivore,N,Forest,TEF,3,1
Chiroptera,Nyctinomops_macrotis,Molossidae,A,1.26,1,1,0.19,-0.19,Insectivore,S,Forest,TEF,3,1
Chiroptera,Pipistrellus_nathusii,Vespertilionidae,A,0.86,1,1,50.17,50.17,Insectivore,N,Forest,TEF,3,1
Chiroptera,Pipistrellus_pipistrellus,Vespertilionidae,A,0.76,1,1,42.22,42.22,Insectivore,N,Forest,TEF,3,1
Chiroptera,Pipistrellus_savii,Vespertilionidae,A,0.8,1,1,38.14,38.14,Insectivore,N,Forest,TEF,3,1
Chiroptera,Pipistrellus_subflavus,Vespertilionidae,A,0.76,1,1,35.78,35.78,Insectivore,N,Forest,TEF,3,1
Chiroptera,Rhinolophus_hipposideros,Rhinolophidae,A,0.67,1,1,40.39,40.39,Insectivore,N,Forest,TEF,3,1
Chiroptera,Tadarida_brasiliensis,Molossidae,A,1.1,1,1,2.83,2.83,Insectivore,N,Forest,TEF,3,1
Chiroptera,Taphozous_mauritianus,Emballonuridae,A,1.44,1,1,5.78,-5.78,Insectivore,S,Forest,TRF,3,1
Chiroptera,Taphozous_nudiventris,Emballonuridae,A,1.53,1,1,21.47,21.47,Insectivore,N,Savanna,GS,3,1
Carnivora,Ursus_americanus,Ursidae,T,5,1,1,54.25,54.25,Carnivore,N,Forest,BF,3,1
Carnivora,Ursus_arctos,Ursidae,T,5.31,1,1,57.96,57.96,Carnivore,N,Forest,BF,3,1
Chiroptera,Vespertilio_murinus,Vespertilionidae,A,1.27,1,1,49.88,49.88,Insectivore,N,Forest,BF,3,1
Diprotodontia,Acrobates_pygmaeus,Arcobatidae,T,1.08,0,1,28.53,-28.53,Herbivore,S,Forest,TEF,2,1
Rodentia,Aethomys_namaquensis,Muridae,T,1.69,0,1,24.15,-24.15,Omnivore,S,Forest,TEF,2,1
Afrosoricida,Amblysomus_hottentotus,Chrysochloridae,T,1.83,0,1,30.32,-30.32,Insectivore,S,Forest,TEF,2,1
Dasyuromorphia,Antechinus_flavipes,Dasyuridae,T,1.65,0,1,29.82,-29.82,Insectivore,S,Forest,TRF,2,1
Dasyuromorphia,Antechinus_stuartii,Dasyuridae,T,1.44,0,1,32.01,-32.01,Insectivore,S,Forest,TEF,2,1
Dasyuromorphia,Antechinus_swainsonii,Dasyuridae,T,1.72,0,1,35.69,-35.69,Insectivore,S,Forest,TEF,2,1
Erinaceomorpha,Atelerix_albiventris,Erinaceidae,T,2.78,0,1,6.99,6.99,Insectivore,N,Savanna,GS,2,1
Rodentia,Baiomys_taylori,Muridae,T,0.9,0,1,27.27,27.27,Omnivore,N,Forest,TEF,2,1
Diprotodontia,Burramys_parvus,Burramyidae,T,1.62,0,1,36.64,-36.64,Insectivore,S,Shrubland,TRS,2,1
Rodentia,Calomys_musculinus,Muridae,T,1.3,0,1,33.73,-33.73,Omnivore,S,Shrubland,TRS,2,1
Diprotodontia,Cercartetus_concinnus,Burramyidae,T,1.11,0,1,33.1,-33.1,Insectivore,S,Forest,TRF,2,1
Diprotodontia,Cercartetus_lepidus,Burramyidae,T,0.85,0,1,39.75,-39.75,Insectivore,S,Forest,TEF,2,1
Diprotodontia,Cercartetus_nanus,Burramyidae,T,1.38,0,1,35.92,-35.92,Insectivore,S,Forest,TEF,2,1
Rodentia,Chaetodipus_californicus,Heteromyidae,T,1.34,0,1,35.17,35.17,Herbivore,N,Shrubland,TES,2,1
Rodentia,Chaetodipus_fallax,Heteromyidae,T,1.27,0,1,31.63,31.63,Herbivore,N,Shrubland,TES,2,1
Rodentia,Chaetodipus_hispidus,Heteromyidae,T,1.51,0,1,33.87,33.87,Herbivore,N,Shrubland,TES,2,1
Rodentia,Chaetodipus_intermedius,Heteromyidae,T,1.22,0,1,32.42,32.42,Herbivore,N,Grassland,GTE,2,1
Rodentia,Chaetodipus_penicillatus,Heteromyidae,T,1.18,0,1,32.25,32.25,Herbivore,N,Shrubland,TES,2,1
Afrosoricida,Chrysochloris_asiatica,Chrysochloridae,T,1.69,0,1,32.45,-32.45,Insectivore,S,Forest,TEF,2,1
Rodentia,Cricetulus_migratorius,Muridae,T,1.49,0,1,43.17,43.17,Omnivore,N,Forest,TEF,2,1
Rodentia,Cricetus_cricetus,Muridae,T,2.71,0,1,51.49,51.49,Omnivore,N,Shrubland,TES,2,1
Soricomorpha,Crocidura_fuliginosa,Soricidae,T,1.08,0,1,20.71,20.71,Insectivore,N,Forest,TEF,2,1
Soricomorpha,Crocidura_leucodon,Soricidae,T,0.99,0,1,44.55,44.55,Insectivore,N,Shrubland,TES,2,1
Soricomorpha,Crocidura_russula,Soricidae,T,1,0,1,42.8,42.8,Insectivore,N,Shrubland,TES,2,1
Soricomorpha,Crocidura_suaveolens,Soricidae,T,0.7,0,1,45.05,45.05,Insectivore,N,Shrubland,TES,2,1
Soricomorpha,Crocidura_viaria,Soricidae,T,1.23,0,1,12.61,12.61,Insectivore,N,Forest,TRF,2,1
Rodentia,Cynomys_leucurus,Sciuridae,T,2.96,0,1,41.54,41.54,Herbivore,N,Shrubland,TES,2,1
Rodentia,Cynomys_ludovicianus,Sciuridae,T,3.13,0,1,39.58,39.58,Herbivore,N,Grassland,GTE,2,1
Chiroptera,Cynopterus_brachyotis,Pteropodidae,A,1.5,0,1,11.56,11.56,Frugivore,N,Forest,TRF,2,1
Dasyuromorphia,Dasycercus_cristicauda,Dasyuridae,T,2,0,1,25.87,-25.87,Carnivore,S,Shrubland,TRS,2,1
Chiroptera,Dobsonia_minor,Pteropodidae,A,1.89,0,1,5.32,-5.32,Frugivore,S,Forest,TRF,2,1
Microbiotheria,Dromiciops_gliroides,Microbiotheriidae,T,1.35,0,1,39.59,-39.59,Omnivore,S,Forest,TEF,2,1
Afrosoricida,Echinops_telfairi,Tenrecidae,T,2.26,0,1,22.84,-22.84,Insectivore,S,Forest,TRF,2,1
Macroscelidea,Elephantulus_brachyrhynchus,Macroscelididae,T,1.68,0,1,12.57,-12.57,Insectivore,S,Savanna,GS,2,1
Macroscelidea,Elephantulus_edwardii,Macroscelididae,T,1.68,0,1,32.26,-32.26,Insectivore,S,Forest,TEF,2,1
Macroscelidea,Elephantulus_intufi,Macroscelididae,T,1.69,0,1,22.16,-22.16,Insectivore,S,Shrubland,TRS,2,1
Macroscelidea,Elephantulus_myurus,Macroscelididae,T,1.72,0,1,23.1,-23.1,Insectivore,S,Savanna,GS,2,1
Macroscelidea,Elephantulus_rozeti,Macroscelididae,T,1.68,0,1,32.89,32.89,Insectivore,N,Shrubland,TES,2,1
Macroscelidea,Elephantulus_rufescens,Macroscelididae,T,1.57,0,1,0.27,0.27,Insectivore,N,Savanna,GS,2,1
Rodentia,Eliomys_quercinus,Myoxidae,T,2.06,0,1,48.58,48.58,Omnivore,N,Forest,TEF,2,1
Chiroptera,Eptesicus_fuscus,Vespertilionidae,A,1.22,0,1,38.5,38.5,Insectivore,N,Forest,TEF,2,1
Chiroptera,Eptesicus_serotinus,Vespertilionidae,A,1.36,0,1,41.33,41.33,Insectivore,N,Forest,TEF,2,1
Afrosoricida,Eremitalpa_granti,Chrysochloridae,T,1.42,0,1,28.06,-28.06,Insectivore,S,Shrubland,TRS,2,1
Erinaceomorpha,Erinaceus_concolor,Erinaceidae,T,2.86,0,1,38.38,38.38,Insectivore,N,Forest,TEF,2,1
Erinaceomorpha,Erinaceus_europaeus,Erinaceidae,T,2.89,0,1,46.1,46.1,Insectivore,N,Forest,TEF,2,1
Chiroptera,Eumops_perotis,Molossidae,A,1.71,0,1,7.09,-7.09,Insectivore,S,Forest,TRF,2,1
Afrosoricida,Geogale_aurita,Tenrecidae,T,0.85,0,1,22.79,-22.79,Insectivore,S,Forest,TRF,2,1
Chiroptera,Glossophaga_soricina,Phyllostomidae,A,1,0,1,5.2,-5.2,Herbivore,S,Forest,TRF,2,1
Didelphimorphia,Gracilinanus_microtarsus,Didelphidae,T,1.49,0,1,23.6,-23.6,Insectivore,S,Forest,TRF,2,1
Rodentia,Graphiurus_murinus,Myoxidae,T,1.3,0,1,15.83,-15.83,Omnivore,S,Forest,TRF,2,1
Rodentia,Graphiurus_ocularis,Myoxidae,T,1.84,0,1,32.41,-32.41,Omnivore,S,Shrubland,TRS,2,1
Afrosoricida,Hemicentetes_semispinosus,Tenrecidae,T,2.13,0,1,18.86,-18.86,Insectivore,S,Forest,TRF,2,1
Erinaceomorpha,Hemiechinus_auritus,Erinaceidae,T,2.53,0,1,42.23,42.23,Insectivore,N,Shrubland,TES,2,1
Chiroptera,Ia_io,Vespertilionidae,A,1.69,0,1,25.14,25.14,Insectivore,N,Forest,TRF,2,1
Rodentia,Jaculus_jaculus,Dipodidae,T,1.75,0,1,25.35,25.35,Herbivore,N,Shrubland,TRS,2,1
Rodentia,Jaculus_orientalis,Dipodidae,T,2.14,0,1,34.48,34.48,Herbivore,N,Shrubland,TRS,2,1
Afrosoricida,Limnogale_mergulus,Tenrecidae,T,1.9,0,0,19.98,-19.98,Insectivore,S,Forest,TRF,2,0
Chiroptera,Macroglossus_minimus,Pteropodidae,A,1.2,0,1,1.68,-1.68,Frugivore,S,Forest,TRF,2,1
Macroscelidea,Macroscelides_proboscideus,Macroscelididae,T,1.58,0,1,29.14,-29.14,Insectivore,S,Shrubland,TRS,2,1
Didelphimorphia,Marmosa_robinsoni,Didelphidae,T,1.75,0,1,8.67,8.67,Omnivore,N,Forest,TRF,2,1
Rodentia,Marmota_baibacina,Sciuridae,T,3.68,0,1,48.84,48.84,Herbivore,N,Grassland,GTE,2,1
Rodentia,Marmota_bobak,Sciuridae,T,3,0,1,50.83,50.83,Herbivore,N,Grassland,GTE,2,1
Rodentia,Marmota_broweri,Sciuridae,T,3.4,0,1,68.59,68.59,Herbivore,N,Grassland,GTE,2,1
Rodentia,Marmota_caligata,Sciuridae,T,3.86,0,1,61.08,61.08,Herbivore,N,Tundra,GTU,2,1
Rodentia,Marmota_camtschatica,Sciuridae,T,3,0,1,61.87,61.87,Herbivore,N,Tundra,GTU,2,1
Rodentia,Marmota_caudata,Sciuridae,T,3.64,0,1,37.47,37.47,Herbivore,N,Shrubland,TES,2,1
Rodentia,Marmota_flaviventris,Sciuridae,T,3.53,0,1,43.31,43.31,Herbivore,N,Forest,BF,2,1
Rodentia,Marmota_himalayana,Sciuridae,T,3.69,0,1,34.24,34.24,Herbivore,N,Shrubland,TES,2,1
Rodentia,Marmota_marmota,Sciuridae,T,3.3,0,1,46.14,46.14,Herbivore,N,Grassland,GTE,2,1
Rodentia,Marmota_menzbieri,Sciuridae,T,3,0,1,42.23,42.23,Herbivore,N,Shrubland,TRS,2,1
Rodentia,Marmota_monax,Sciuridae,T,3.58,0,1,50.1,50.1,Herbivore,N,Forest,BF,2,1
Rodentia,Marmota_olympus,Sciuridae,T,3.8,0,1,47.68,47.68,Herbivore,N,Forest,BF,2,1
Rodentia,Marmota_sibirica,Sciuridae,T,3.52,0,1,47.98,47.98,Herbivore,N,Shrubland,TES,2,1
Rodentia,Marmota_vancouverensis,Sciuridae,T,3.8,0,1,48.96,48.96,Herbivore,N,Forest,BF,2,1
Carnivora,Meles_meles,Mustelidae,T,4.11,0,1,49.84,49.84,Carnivore,N,Forest,BF,2,1
Carnivora,Mephitis_mephitis,Mustelidae,T,3.32,0,1,44.29,44.29,Carnivore,N,Forest,BF,2,1
Rodentia,Microdipodops_megacephalus,Heteromyidae,T,1.02,0,1,40.29,40.29,Herbivore,N,Shrubland,TES,2,1
Afrosoricida,Microgale_dobsoni,Tenrecidae,T,1.58,0,1,18.71,-18.71,Insectivore,S,Forest,TRF,2,1
Afrosoricida,Microgale_talazaci,Tenrecidae,T,1.68,0,1,18.18,-18.18,Insectivore,S,Forest,TRF,2,1
Primates,Mirza_coquereli,Cheirogaleidae,T,2.49,0,1,21.1,-21.1,Omnivore,S,Forest,TRF,2,1
Didelphimorphia,Monodelphis_brevicaudata,Didelphidae,T,1.84,0,1,2,2,Insectivore,N,Forest,TRF,2,1
Rodentia,Mus_musculus,Muridae,T,1.33,0,1,31.3,31.3,Herbivore,N,Shrubland,TES,2,1
Rodentia,Muscardinus_avellanarius,Myoxidae,T,1.44,0,1,49.43,49.43,Omnivore,N,Forest,TEF,2,1
Chiroptera,Myotis_austroriparius,Vespertilionidae,A,0.83,0,1,33.25,33.25,Insectivore,N,Forest,TRF,2,1
Chiroptera,Myotis_californicus,Vespertilionidae,A,0.66,0,1,35.96,35.96,Insectivore,N,Forest,TEF,2,1
Chiroptera,Myotis_capaccinii,Vespertilionidae,A,0.87,0,1,40.44,40.44,Insectivore,N,Shrubland,TES,2,1
Chiroptera,Myotis_ciliolabrum,Vespertilionidae,A,0.85,0,1,44.82,44.82,Insectivore,N,Forest,TEF,2,1
Chiroptera,Myotis_emarginatus,Vespertilionidae,A,0.88,0,1,41.38,41.38,Insectivore,N,Shrubland,TES,2,1
Chiroptera,Myotis_evotis,Vespertilionidae,A,0.83,0,1,43.85,43.85,Insectivore,N,Forest,TEF,2,1
Chiroptera,Myotis_fortidens,Vespertilionidae,A,0.64,0,1,20.72,20.72,Insectivore,N,Forest,TRF,2,1
Chiroptera,Myotis_frater,Vespertilionidae,A,0.88,0,1,40.61,40.61,Insectivore,N,Forest,TEF,2,1
Chiroptera,Myotis_keenii,Vespertilionidae,A,0.8,0,1,50.73,50.73,Insectivore,N,Forest,TEF,2,1
Chiroptera,Myotis_leibii,Vespertilionidae,A,0.71,0,1,40.18,40.18,Insectivore,N,Forest,TEF,2,1
Chiroptera,Myotis_levis,Vespertilionidae,A,0.74,0,1,30.05,-30.05,Insectivore,S,Forest,TRF,2,1
Chiroptera,Myotis_longipes,Vespertilionidae,A,0.9,0,1,31.84,31.84,Insectivore,N,Forest,TEF,2,1
Chiroptera,Myotis_montivagus,Vespertilionidae,A,0.92,0,1,19.37,19.37,Insectivore,N,Forest,TRF,2,1
Chiroptera,Myotis_nattereri,Vespertilionidae,A,0.85,0,1,48.08,48.08,Insectivore,N,Forest,BF,2,1
Chiroptera,Myotis_nigricans,Vespertilionidae,A,0.63,0,1,7.19,-7.19,Insectivore,S,Forest,TRF,2,1
Chiroptera,Myotis_vivesi,Vespertilionidae,A,1.4,0,1,28.92,28.92,Insectivore,N,Forest,TEF,2,1
Dasyuromorphia,Myrmecobius_fasciatus,Myrmecobiidae,T,2.67,0,1,33.45,-33.45,Insectivore,S,Forest,TRF,2,1
Rodentia,Napaeozapus_insignis,Dipodidae,T,1.35,0,1,46.67,46.67,Omnivore,N,Forest,TEF,2,1
Soricomorpha,Notiosorex_crawfordi,Soricidae,T,0.64,0,1,31.34,31.34,Insectivore,N,Forest,TEF,2,1
Notoryctemorphia,Notoryctes_caurinus,Notoryctidae,T,1.6,0,1,21.06,-21.06,Omnivore,S,Shrubland,TRS,2,1
Carnivora,Nyctereutes_procyonoides,Canidae,T,3.61,0,1,39.27,39.27,Carnivore,N,Forest,TEF,2,1
Rodentia,Perognathus_fasciatus,Heteromyidae,T,1.06,0,1,45.95,45.95,Herbivore,N,Shrubland,TES,2,1
Rodentia,Perognathus_flavus,Heteromyidae,T,0.89,0,1,32.58,32.58,Herbivore,N,Shrubland,TES,2,1
Rodentia,Perognathus_longimembris,Heteromyidae,T,0.88,0,1,37.37,37.37,Herbivore,N,Shrubland,TES,2,1
Rodentia,Perognathus_parvus,Heteromyidae,T,1.34,0,1,41.62,41.62,Herbivore,N,Forest,TEF,2,1
Rodentia,Peromyscus_boylii,Muridae,T,1.33,0,1,36.55,36.55,Omnivore,N,Forest,TEF,2,1
Rodentia,Peromyscus_californicus,Muridae,T,1.64,0,1,34.48,34.48,Omnivore,N,Forest,TEF,2,1
Rodentia,Peromyscus_crinitus,Muridae,T,1.25,0,1,38.81,38.81,Omnivore,N,Shrubland,TES,2,1
Rodentia,Peromyscus_eremicus,Muridae,T,1.37,0,1,29.81,29.81,Omnivore,N,Shrubland,TES,2,1
Rodentia,Peromyscus_gossypinus,Muridae,T,1.47,0,1,32.85,32.85,Omnivore,N,Forest,TEF,2,1
Rodentia,Peromyscus_leucopus,Muridae,T,1.33,0,1,37.52,37.52,Omnivore,N,Forest,TEF,2,1
Rodentia,Peromyscus_maniculatus,Muridae,T,1.33,0,1,45.74,45.74,Omnivore,N,Forest,BF,2,1
Rodentia,Peromyscus_megalops,Muridae,T,1.82,0,1,17.24,17.24,Omnivore,N,Forest,TRF,2,1
Rodentia,Peromyscus_polionotus,Muridae,T,1.11,0,1,32.31,32.31,Omnivore,N,Shrubland,TES,2,1
Rodentia,Peromyscus_truei,Muridae,T,1.44,0,1,38.08,38.08,Omnivore,N,Forest,TEF,2,1
Diprotodontia,Petaurus_breviceps,Petauridae,T,2.11,0,1,19.6,-19.6,Omnivore,S,Forest,TEF,2,1
Rodentia,Phodopus_sungorus,Muridae,T,1.37,0,1,52.56,52.56,Omnivore,N,Shrubland,TES,2,1
Rodentia,Phyllotis_darwini,Muridae,T,1.71,0,1,31.69,-31.69,Omnivore,S,Shrubland,TES,2,1
Chiroptera,Pipistrellus_kuhlii,Vespertilionidae,A,0.77,0,1,35.99,35.99,Insectivore,N,Forest,TEF,2,1
Chiroptera,Pipistrellus_maderensis,Vespertilionidae,A,0.69,0,1,30.47,30.47,Insectivore,N,Forest,TEF,2,1
Chiroptera,Pipistrellus_nanus,Vespertilionidae,A,0.59,0,1,3.44,-3.44,Insectivore,S,Forest,TRF,2,1
Dasyuromorphia,Planigale_gilesi,Dasyuridae,T,0.96,0,1,29.12,-29.12,Insectivore,S,Shrubland,TRS,2,1
Dasyuromorphia,Planigale_ingrami,Dasyuridae,T,0.63,0,1,19.96,-19.96,Insectivore,S,Savanna,GS,2,1
Dasyuromorphia,Planigale_maculata,Dasyuridae,T,1.04,0,1,19.83,-19.83,Insectivore,S,Forest,TEF,2,1
Dasyuromorphia,Planigale_tenuirostris,Dasyuridae,T,0.78,0,1,27.76,-27.76,Insectivore,S,Shrubland,TES,2,1
Chiroptera,Plecotus_auritus,Vespertilionidae,A,0.89,0,1,51.09,51.09,Insectivore,N,Forest,BF,2,1
Chiroptera,Plecotus_austriacus,Vespertilionidae,A,0.86,0,1,45.82,45.82,Insectivore,N,Forest,TEF,2,1
Dasyuromorphia,Pseudantechinus_macdonnellensis,Dasyuridae,T,1.51,0,1,24.03,-24.03,Insectivore,S,Savanna,GS,2,1
Rodentia,Pseudomys_hermannsburgensis,Muridae,T,1.08,0,1,25.31,-25.31,Omnivore,S,Shrubland,TRS,2,1
Rodentia,Reithrodontomys_megalotis,Muridae,T,0.97,0,1,37.56,37.56,Omnivore,N,Shrubland,TES,2,1
Chiroptera,Rhinolophus_blasii,Rhinolophidae,A,0.99,0,1,26.48,26.48,Insectivore,N,Forest,TRF,2,1
Chiroptera,Rhinolophus_euryale,Rhinolophidae,A,0.91,0,1,39.11,39.11,Insectivore,N,Forest,TEF,2,1
Chiroptera,Rhinolophus_ferrumequinum,Rhinolophidae,A,1.32,0,1,36.86,36.86,Insectivore,N,Forest,TEF,2,1
Chiroptera,Rhinolophus_mehelyi,Rhinolophidae,A,1.09,0,1,37.4,37.4,Insectivore,N,Shrubland,TES,2,1
Rodentia,Saccostomus_campestris,Muridae,T,1.71,0,1,17.98,-17.98,Omnivore,S,Savanna,GS,2,1
Afrosoricida,Setifer_setosus,Tenrecidae,T,2.47,0,1,19.39,-19.39,Insectivore,S,Forest,TRF,2,1
Rodentia,Sicista_betulina,Dipodidae,T,0.9,0,1,58.25,58.25,Omnivore,N,Forest,BF,2,1
Dasyuromorphia,Sminthopsis_crassicaudata,Dasyuridae,T,1.18,0,1,28.7,-28.7,Insectivore,S,Savanna,GS,2,1
Dasyuromorphia,Sminthopsis_macroura,Dasyuridae,T,1.3,0,1,24.06,-24.06,Insectivore,S,Savanna,GS,2,1
Dasyuromorphia,Sminthopsis_murina,Dasyuridae,T,1.23,0,1,29.55,-29.55,Insectivore,S,Forest,TEF,2,1
Rodentia,Spermophilus_armatus,Sciuridae,T,2.5,0,1,43.05,43.05,Herbivore,N,Shrubland,TES,2,1
Rodentia,Spermophilus_beecheyi,Sciuridae,T,2.76,0,1,38.97,38.97,Herbivore,N,Shrubland,TES,2,1
Rodentia,Spermophilus_beldingi,Sciuridae,T,2.45,0,1,41.97,41.97,Herbivore,N,Shrubland,TES,2,1
Rodentia,Spermophilus_citellus,Sciuridae,T,2.46,0,1,45.82,45.82,Herbivore,N,Grassland,GTE,2,1
Rodentia,Spermophilus_columbianus,Sciuridae,T,2.69,0,1,48.8,48.8,Herbivore,N,Forest,TEF,2,1
Rodentia,Spermophilus_franklinii,Sciuridae,T,2.56,0,1,45.78,45.78,Herbivore,N,Grassland,GTE,2,1
Rodentia,Spermophilus_lateralis,Sciuridae,T,2.28,0,1,42.95,42.95,Omnivore,N,Forest,TEF,2,1
Rodentia,Spermophilus_mexicanus,Sciuridae,T,2.28,0,1,27.74,27.74,Herbivore,N,Shrubland,TES,2,1
Rodentia,Spermophilus_parryii,Sciuridae,T,2.88,0,1,64.56,64.56,Herbivore,N,Tundra,GTU,2,1
Rodentia,Spermophilus_richardsonii,Sciuridae,T,2.61,0,1,49.52,49.52,Herbivore,N,Grassland,GTE,2,1
Rodentia,Spermophilus_saturatus,Sciuridae,T,2.34,0,1,48.01,48.01,Herbivore,N,Forest,TEF,2,1
Rodentia,Spermophilus_spilosoma,Sciuridae,T,1.95,0,1,33.07,33.07,Herbivore,N,Grassland,GTE,2,1
Rodentia,Spermophilus_tereticaudus,Sciuridae,T,2.19,0,1,32.91,32.91,Herbivore,N,Grassland,GTE,2,1
Rodentia,Spermophilus_tridecemlineatus,Sciuridae,T,2.12,0,1,43.53,43.53,Herbivore,N,Shrubland,TES,2,1
Rodentia,Spermophilus_variegatus,Sciuridae,T,2.84,0,1,30.86,30.86,Herbivore,N,Shrubland,TRS,2,1
Soricomorpha,Suncus_etruscus,Soricidae,T,0.26,0,1,28.96,28.96,Insectivore,N,Forest,TEF,2,1
Soricomorpha,Suncus_murinus,Soricidae,T,1.94,0,1,15.1,15.1,Insectivore,N,Forest,TEF,2,1
Chiroptera,Syconycteris_australis,Pteropodidae,A,1.23,0,1,7.67,-7.67,Frugivore,S,Forest,TRF,2,1
Monotremata,Tachyglossus_aculeatus,Tachyglossidae,T,3.65,0,1,25.54,-25.54,Insectivore,S,Forest,TEF,2,1
Chiroptera,Tadarida_teniotis,Molossidae,A,1.43,0,1,38.03,38.03,Insectivore,N,Shrubland,TES,2,1
Rodentia,Tamias_alpinus,Sciuridae,T,1.56,0,1,37,37,Herbivore,N,Forest,TEF,2,1
Rodentia,Tamias_amoenus,Sciuridae,T,1.7,0,1,45.81,45.81,Herbivore,N,Shrubland,TES,2,1
Rodentia,Tamias_minimus,Sciuridae,T,2.13,0,1,52.07,52.07,Herbivore,N,Forest,BF,2,1
Rodentia,Tamias_palmeri,Sciuridae,T,1.84,0,1,36.32,36.32,Herbivore,N,Forest,TEF,2,1
Rodentia,Tamias_ruficaudus,Sciuridae,T,1.83,0,1,47.7,47.7,Herbivore,N,Forest,BF,2,1
Rodentia,Tamias_sibiricus,Sciuridae,T,1.93,0,1,56.8,56.8,Herbivore,N,Forest,BF,2,1
Rodentia,Tamias_striatus,Sciuridae,T,2.05,0,1,42.86,42.86,Herbivore,N,Forest,BF,2,1
Rodentia,Tamias_townsendii,Sciuridae,T,1.87,0,1,46.13,46.13,Omnivore,N,Forest,TEF,2,1
Chiroptera,Taphozous_australis,Emballonuridae,A,1.36,0,1,17.3,-17.3,Insectivore,S,Forest,TRF,2,1
Chiroptera,Taphozous_longimanus,Emballonuridae,A,1.43,0,1,14.39,14.39,Insectivore,N,Forest,TRF,2,1
Diprotodontia,Tarsipes_rostratus,Tarsipedidae,T,0.95,0,1,32.65,-32.65,Frugivore,S,Shrubland,TES,2,1
Carnivora,Taxidea_taxus,Mustelidae,T,3.85,0,1,41.74,41.74,Carnivore,N,Forest,TEF,2,1
Afrosoricida,Tenrec_ecaudatus,Tenrecidae,T,2.94,0,1,19.39,-19.39,Insectivore,S,Forest,TRF,2,1
Didelphimorphia,Thylamys_elegans,Didelphidae,T,1.46,0,1,34.58,-34.58,Omnivore,S,Forest,TEF,2,1
Cingulata,Zaedyus_pichiy,Dasypodidae,T,3.14,0,1,40.8,-40.8,Omnivore,S,Shrubland,TES,2,1
Rodentia,Zapus_hudsonius,Dipodidae,T,1.23,0,1,50.61,50.61,Herbivore,N,Shrubland,TES,2,1
Rodentia,Zapus_princeps,Dipodidae,T,1.46,0,1,48.87,48.87,Herbivore,N,Grassland,GTE,2,1
Rodentia,Zapus_trinotatus,Dipodidae,T,1.44,0,1,45.29,45.29,Herbivore,N,Forest,BF,2,1
Carnivora,Ailuropoda_melanoleuca,Ursidae,T,5.04,1,0,31.31,31.31,Carnivore,N,Forest,TEF,1,1
Artiodactyla,Alcelaphus_buselaphus,Bovidae,T,5.23,1,0,4.9,-4.9,Herbivore,S,Forest,TRF,1,1
Artiodactyla,Alces_alces,Cervidae,T,5.55,1,0,59.11,59.11,Herbivore,N,Forest,BF,1,1
Carnivora,Alopex_lagopus,Canidae,T,3.8,1,0,69.54,69.54,Carnivore,N,Tundra,GTU,1,1
Artiodactyla,Antidorcas_marsupialis,Bovidae,T,4.59,1,0,25,-25,Herbivore,S,Savanna,GS,1,1
Artiodactyla,Antilocapra_americana,Antilocapridae,T,4.66,1,0,40.97,40.97,Herbivore,N,Shrubland,TES,1,1
Cetacea,Balaena_mysticetus,Balaenidae,W,8,1,0,67.72,67.72,Carnivore,N,Marine,MP,1,1
Cetacea,Balaenoptera_acutorostrata,Balaenopteridae,W,7,1,0,11.27,-11.27,Carnivore,S,Marine,MP,1,1
Cetacea,Balaenoptera_borealis,Balaenopteridae,W,7.3,1,0,11.05,-11.05,Carnivore,S,Marine,MP,1,1
Cetacea,Balaenoptera_edeni,Balaenopteridae,W,7.3,1,0,1.78,1.78,Carnivore,N,Marine,MP,1,1
Cetacea,Balaenoptera_musculus,Balaenopteridae,W,8.28,1,0,18.03,18.03,Carnivore,N,Marine,MP,1,1
Cetacea,Balaenoptera_physalus,Balaenopteridae,W,7.85,1,0,15.83,15.83,Carnivore,N,Marine,MP,1,1
Cetacea,Berardius_bairdii,Ziphiidae,W,7.06,1,0,45.74,45.74,Carnivore,N,Marine,MP,1,1
Artiodactyla,Bison_bison,Bovidae,T,5.76,1,0,57.16,57.16,Herbivore,N,Grassland,GTE,1,1
Artiodactyla,Bison_bonasus,Bovidae,T,5.7,1,0,52.27,52.27,Herbivore,N,Forest,BF,1,1
Artiodactyla,Bos_javanicus,Bovidae,T,5.85,1,0,11.51,11.51,Herbivore,N,Forest,TRF,1,1
Artiodactyla,Budorcas_taxicolor,Bovidae,T,5.48,1,0,29.42,29.42,Herbivore,N,Forest,TEF,1,1
Carnivora,Callorhinus_ursinus,Otariidae,W,4.65,1,0,48.77,48.77,Carnivore,N,Marine,MC,1,1
Artiodactyla,Capra_cylindricornis,Bovidae,T,4.7,1,0,42.11,42.11,Herbivore,N,Forest,TEF,1,1
Artiodactyla,Capra_falconeri,Bovidae,T,4.61,1,0,35.74,35.74,Herbivore,N,Forest,TEF,1,1
Artiodactyla,Capra_ibex,Bovidae,T,4.84,1,0,46.11,46.11,Herbivore,N,Grassland,GTE,1,1
Chiroptera,Carollia_perspicillata,Phyllostomidae,A,1.28,1,0,6.4,-6.4,Frugivore,S,Forest,TRF,1,1
Artiodactyla,Cervus_elaphus,Cervidae,T,5.19,1,0,46.14,46.14,Herbivore,N,Forest,BF,1,1
Artiodactyla,Cervus_nippon,Cervidae,T,4.72,1,0,37.54,37.54,Herbivore,N,Forest,TEF,1,1
Artiodactyla,Connochaetes_gnou,Bovidae,T,5.26,1,0,28.96,-28.96,Herbivore,S,Shrubland,TES,1,1
Artiodactyla,Connochaetes_taurinus,Bovidae,T,5.26,1,0,19.36,-19.36,Herbivore,S,Savanna,GS,1,1
Carnivora,Crocuta_crocuta,Hyaenidae,T,4.8,1,0,0.87,-0.87,Carnivore,S,Savanna,GS,1,1
Carnivora,Cystophora_cristata,Phocidae,W,5.57,1,0,67.09,67.09,Carnivore,N,Marine,MP,1,1
Artiodactyla,Damaliscus_lunatus,Bovidae,T,5.13,1,0,9.7,-9.7,Herbivore,S,Savanna,GS,1,1
Cetacea,Delphinapterus_leucas,Monodontidae,W,6.13,1,0,61.2,61.2,Carnivore,N,Marine,MCP,1,1
Cetacea,Delphinus_delphis,Delphinidae,W,4.9,1,0,0.8,-0.8,Carnivore,S,Marine,MP,1,1
Perissodactyla,Dicerorhinus_sumatrensis,Rhinocerotidae,T,6.1,1,0,2.21,2.21,Herbivore,N,Forest,TRF,1,1
Sirenia,Dugong_dugon,Dugongidae,W,5.62,1,0,4.77,-4.77,Herbivore,S,Marine,MC,1,1
Chiroptera,Eidolon_helvum,Pteropodidae,A,2.4,1,0,2.28,-2.28,Frugivore,S,Forest,TRF,1,1
Proboscidea,Elephas_maximus,Elephantidae,T,6.43,1,0,15.33,15.33,Herbivore,N,Forest,TRF,1,1
Chiroptera,Epomophorus_wahlbergi,Pteropodidae,A,1.96,1,0,10.72,-10.72,Frugivore,S,Forest,TRF,1,1
Perissodactyla,Equus_grevyi,Equidae,T,5.61,1,0,3.4,3.4,Herbivore,N,Shrubland,TRS,1,1
Perissodactyla,Equus_zebra,Equidae,T,5.46,1,0,22.98,-22.98,Herbivore,S,Grassland,GTE,1,1
Carnivora,Erignathus_barbatus,Phocidae,W,5.45,1,0,72.01,72.01,Carnivore,N,Marine,MCP,1,1
Cetacea,Eschrichtius_robustus,Eschrichtiidae,W,7.45,1,0,59.45,59.45,Carnivore,N,Marine,MP,1,1
Cetacea,Eubalaena_australis,Balaenidae,W,7.36,1,0,49.67,-49.67,Carnivore,S,Marine,MP,1,1
Cetacea,Eubalaena_glacialis,Balaenidae,W,7.36,1,0,49.34,49.34,Carnivore,N,Marine,MP,1,1
Cetacea,Eubalaena_japonica,Balaenidae,W,8,1,0,57.94,57.94,Carnivore,N,Marine,MP,1,1
Artiodactyla,Eudorcas_thomsonii,Bovidae,T,4.31,1,0,2.7,-2.7,Herbivore,S,Savanna,GS,1,1
Cetacea,Feresa_attenuata,Delphinidae,W,5.23,1,0,1.42,-1.42,Carnivore,S,Marine,MP,1,1
Artiodactyla,Giraffa_camelopardalis,Giraffidae,T,5.95,1,0,8.5,-8.5,Herbivore,S,Savanna,GS,1,1
Primates,Gorilla_gorilla,Pongidae,T,5.09,1,0,0.77,0.77,Herbivore,N,Forest,TRF,1,1
Cetacea,Grampus_griseus,Delphinidae,W,5.59,1,0,21.13,21.13,Carnivore,N,Marine,MP,1,1
Carnivora,Halichoerus_grypus,Phocidae,W,5.2,1,0,55.34,55.34,Carnivore,N,Marine,MP,1,1
Carnivora,Histriophoca_fasciata,Phocidae,W,4.65,1,0,64.7,64.7,Carnivore,N,Marine,MP,1,1
Carnivora,Hydrurga_leptonyx,Phocidae,W,5.56,1,0,63.08,-63.08,Carnivore,S,Marine,MP,1,1
Cetacea,Hyperoodon_ampullatus,Ziphiidae,W,6.76,1,0,47.79,47.79,Carnivore,N,Marine,MP,1,1
Cetacea,Hyperoodon_planifrons,Ziphiidae,W,6.48,1,0,53.86,-53.86,Carnivore,S,Marine,MP,1,1
Cetacea,Inia_geoffrensis,Platanistidae,W,5.11,1,0,0.74,-0.74,Carnivore,S,Marine,MC,1,1
Artiodactyla,Kobus_kob,Bovidae,T,4.89,1,0,8.32,8.32,Herbivore,N,Savanna,GS,1,1
Artiodactyla,Kobus_leche,Bovidae,T,5.04,1,0,14.85,-14.85,Herbivore,S,Forest,TRF,1,1
Cetacea,Kogia_breviceps,Physeteridae,W,5.63,1,0,0.31,0.31,Carnivore,N,Marine,MP,1,1
Cetacea,Kogia_simus,Physeteridae,W,5.26,1,0,2.07,-2.07,Carnivore,S,Marine,MP,1,1
Cetacea,Lagenorhynchus_acutus,Delphinidae,W,5.26,1,0,59,59,Carnivore,N,Marine,MP,1,1
Cetacea,Lagenorhynchus_albirostris,Delphinidae,W,5.26,1,0,60.17,60.17,Carnivore,N,Marine,MP,1,1
Cetacea,Lagenorhynchus_obliquidens,Delphinidae,W,5.08,1,0,46.92,46.92,Carnivore,N,Marine,MCP,1,1
Artiodactyla,Lama_guanicoe,Camelidae,T,5.08,1,0,37.21,-37.21,Herbivore,S,Shrubland,TRS,1,1
Chiroptera,Leptonycteris_curasoae,Phyllostomidae,A,1.37,1,0,8.04,8.04,Frugivore,N,Forest,TRF,1,1
Lagomorpha,Lepus_californicus,Leporidae,T,3.38,1,0,35.15,35.15,Herbivore,N,Forest,TEF,1,1
Cetacea,Lissodelphis_borealis,Delphinidae,W,5.05,1,0,42.96,42.96,Carnivore,N,Marine,MP,1,1
Proboscidea,Loxodonta_africana,Elephantidae,T,6.6,1,0,6,-6,Herbivore,S,Forest,TRF,1,1
Carnivora,Martes_zibellina,Mustelidae,T,3.05,1,0,59.48,59.48,Carnivore,N,Forest,BF,1,1
Cetacea,Megaptera_novaeangliae,Balaenopteridae,W,7.48,1,0,11.76,-11.76,Carnivore,S,Marine,MP,1,1
Cetacea,Mesoplodon_carlhubbsi,Ziphiidae,W,6.53,1,0,38.13,38.13,Carnivore,N,Marine,MP,1,1
Cetacea,Mesoplodon_mirus,Ziphiidae,W,6.32,1,0,34.3,-34.3,Carnivore,S,Marine,MP,1,1
Carnivora,Mirounga_angustirostris,Phocidae,W,5.88,1,0,44.7,44.7,Carnivore,N,Marine,MP,1,1
Carnivora,Mirounga_leonina,Phocidae,W,6.2,1,0,57.49,-57.49,Carnivore,S,Marine,MP,1,1
Carnivora,Monachus_monachus,Phocidae,W,5.44,1,0,36.1,36.1,Carnivore,N,Marine,MP,1,1
Cetacea,Monodon_monoceros,Monodontidae,W,5.95,1,0,79.56,79.56,Carnivore,N,Marine,MP,1,1
Cetacea,Neophocaena_phocaenoides,Phocoenidae,W,4.51,1,0,14.13,14.13,Carnivore,N,Fresh_water,FWW,1,1
Carnivora,Odobenus_rosmarus,Odobenidae,W,5.92,1,0,71.78,71.78,Carnivore,N,Marine,MCP,1,1
Artiodactyla,Odocoileus_hemionus,Cervidae,T,4.73,1,0,45.05,45.05,Herbivore,N,Forest,BF,1,1
Artiodactyla,Odocoileus_virginianus,Cervidae,T,4.74,1,0,35.31,35.31,Herbivore,N,Forest,BF,1,1
Carnivora,Ommatophoca_rossii,Phocidae,W,5.4,1,0,67.17,-67.17,Carnivore,S,Marine,MP,1,1
Cetacea,Orcinus_orca,Delphinidae,W,6.63,1,0,0.02,-0.02,Carnivore,S,Marine,MCP,1,1
Artiodactyla,Oreamnos_americanus,Bovidae,T,4.86,1,0,55.03,55.03,Herbivore,N,Forest,TEF,1,1
Artiodactyla,Oryx_dammah,Bovidae,T,5.3,1,0,17.87,17.87,Herbivore,N,Savanna,GS,1,1
Artiodactyla,Oryx_gazella,Bovidae,T,5.23,1,0,24.16,-24.16,Herbivore,S,Savanna,GS,1,1
Artiodactyla,Ovis_ammon,Bovidae,T,5.26,1,0,38.47,38.47,Herbivore,N,Forest,TEF,1,1
Artiodactyla,Ovis_canadensis,Bovidae,T,4.87,1,0,40.93,40.93,Herbivore,N,Grassland,GTE,1,1
Artiodactyla,Ovis_dalli,Bovidae,T,4.75,1,0,63.77,63.77,Herbivore,N,Shrubland,TES,1,1
Carnivora,Pagophilus_groenlandicus,Phocidae,W,5.1,1,0,70.82,70.82,Carnivore,N,Marine,MP,1,1
Artiodactyla,Pantholops_hodgsonii,Bovidae,T,4.44,1,0,33.65,33.65,Herbivore,N,Grassland,GTE,1,1
Carnivora,Phoca_largha,Phocidae,W,5.18,1,0,61.18,61.18,Carnivore,N,Marine,MCP,1,1
Cetacea,Phocoena_phocoena,Phocoenidae,W,4.72,1,0,59.31,59.31,Carnivore,N,Marine,MCP,1,1
Cetacea,Phocoenoides_dalli,Phocoenidae,W,5.01,1,0,46.02,46.02,Carnivore,N,Marine,MP,1,1
Cetacea,Platanista_gangetica,Platanistidae,W,5.06,1,0,29.56,29.56,Carnivore,N,Fresh_water,FWW,1,1
Cetacea,Pontoporia_blainvillei,Platanistidae,W,4.61,1,0,22.17,-22.17,Carnivore,S,Marine,MCP,1,1
Artiodactyla,Procapra_gutturosa,Bovidae,T,4.44,1,0,45.88,45.88,Herbivore,N,Grassland,GTE,1,1
Chiroptera,Pteropus_alecto,Pteropodidae,A,2.83,1,0,15.34,-15.34,Frugivore,S,Forest,TRF,1,1
Chiroptera,Pteropus_poliocephalus,Pteropodidae,A,2.88,1,0,31.78,-31.78,Frugivore,S,Forest,TEF,1,1
Chiroptera,Pteropus_scapulatus,Pteropodidae,A,2.65,1,0,22.86,-22.86,Frugivore,S,Forest,TEF,1,1
Carnivora,Pusa_caspica,Phocidae,W,4.5,1,0,41.68,41.68,Carnivore,N,Marine,FWW,1,1
Carnivora,Pusa_hispida,Phocidae,W,4.84,1,0,77.26,77.26,Carnivore,N,Marine,MCP,1,1
Artiodactyla,Rangifer_tarandus,Cervidae,T,4.93,1,0,63.8,63.8,Herbivore,N,Forest,BF,1,1
Chiroptera,Rousettus_aegyptiacus,Pteropodidae,A,2.12,1,0,0.27,0.27,Frugivore,N,Forest,TRF,1,1
Artiodactyla,Rupicapra_pyrenaica,Bovidae,T,4.48,1,0,42.74,42.74,Herbivore,N,Forest,TEF,1,1
Artiodactyla,Rupicapra_rupicapra,Bovidae,T,4.42,1,0,44.54,44.54,Herbivore,N,Forest,TEF,1,1
Artiodactyla,Saiga_tatarica,Bovidae,T,4.46,1,0,46.59,46.59,Herbivore,N,Grassland,GTE,1,1
Cetacea,Stenella_coeruleoalba,Delphinidae,W,5.13,1,0,0.07,-0.07,Carnivore,S,Marine,MP,1,1
Artiodactyla,Syncerus_caffer,Bovidae,T,5.76,1,0,2.73,-2.73,Herbivore,S,Forest,TRF,1,1
Perissodactyla,Tapirus_pinchaque,Tapiridae,T,5.17,1,0,0.48,0.48,Herbivore,N,Forest,TRF,1,1
Artiodactyla,Tragelaphus_imberbis,Bovidae,T,4.91,1,0,2.78,2.78,Herbivore,N,Forest,TRF,1,1
Artiodactyla,Tragelaphus_strepsiceros,Bovidae,T,5.33,1,0,10.61,-10.61,Herbivore,S,Forest,TRF,1,1
Sirenia,Trichechus_inunguis,Trichechidae,W,5.68,1,0,4.56,-4.56,Herbivore,S,Fresh_water,FWW,1,1
Sirenia,Trichechus_manatus,Trichechidae,W,5.64,1,0,26.29,26.29,Herbivore,N,Fresh_water,FWW,1,1
Cetacea,Tursiops_truncatus,Delphinidae,W,5.24,1,0,33.86,-33.86,Carnivore,S,Marine,MCP,1,1
Carnivora,Ursus_maritimus,Ursidae,T,5.63,1,0,77.28,77.28,Carnivore,N,Tundra,GTU,1,1
Carnivora,Vulpes_corsac,Canidae,T,3.38,1,0,45.46,45.46,Carnivore,N,Shrubland,TES,1,1
Carnivora,Zalophus_californianus,Otariidae,W,4.9,1,0,40.31,40.31,Carnivore,N,Marine,MP,1,1
Cetacea,Ziphius_cavirostris,Ziphiidae,W,6.68,1,0,8.82,8.82,Carnivore,N,Marine,MP,1,1
Carnivora,Acinonyx_jubatus,Felidae,T,4.7,0,0,0.83,-0.83,Carnivore,S,Savanna,GS,0,0
Rodentia,Acomys_cahirinus,Muridae,T,1.59,0,0,24.59,24.59,Omnivore,N,Shrubland,TRS,0,0
Rodentia,Acomys_spinosissimus,Muridae,T,1.42,0,0,15.39,-15.39,Omnivore,S,Savanna,GS,0,0
Rodentia,Acomys_subspinosus,Muridae,T,1.32,0,0,33.49,-33.49,Omnivore,S,Shrubland,TES,0,0
Rodentia,Aconaemys_fuscus,Octodontidae,T,2.13,0,0,38.01,-38.01,Herbivore,S,Forest,TRF,0,0
Artiodactyla,Aepyceros_melampus,Bovidae,T,4.72,0,0,13.43,-13.43,Herbivore,S,Savanna,GS,0,0
Diprotodontia,Aepyprymnus_rufescens,Potoroidae,T,3.51,0,0,24.19,-24.19,Herbivore,S,Forest,TEF,0,0
Rodentia,Akodon_azarae,Muridae,T,1.4,0,0,33.24,-33.24,Omnivore,S,Forest,TRF,0,0
Rodentia,Alticola_argentatus,Muridae,T,1.58,0,0,41.16,41.16,Omnivore,N,Shrubland,TES,0,0
Rodentia,Ammospermophilus_leucurus,Sciuridae,T,2.02,0,0,37.17,37.17,Omnivore,N,Forest,TRF,0,0
Artiodactyla,Ammotragus_lervia,Bovidae,T,4.68,0,0,25.53,25.53,Herbivore,N,Savanna,GS,0,0
Artiodactyla,Antilope_cervicapra,Bovidae,T,4.57,0,0,21.01,21.01,Herbivore,N,Forest,TRF,0,0
Rodentia,Aplodontia_rufa,Aplodontidae,T,3,0,0,44.57,44.57,Herbivore,N,Forest,TEF,0,0
Rodentia,Apodemus_flavicollis,Muridae,T,1.43,0,0,50.51,50.51,Omnivore,N,Forest,BF,0,0
Rodentia,Apodemus_mystacinus,Muridae,T,1.66,0,0,38.78,38.78,Omnivore,N,Forest,TEF,0,0
Rodentia,Apodemus_sylvaticus,Muridae,T,1.33,0,0,48.51,48.51,Omnivore,N,Forest,TEF,0,0
Carnivora,Arctictis_binturong,Viverridae,T,4.11,0,0,11.37,11.37,Carnivore,N,Forest,TRF,0,0
Primates,Arctocebus_calabarensis,Loridae,T,2.32,0,0,5.63,5.63,Insectivore,N,Forest,TRF,0,0
Carnivora,Arctocephalus_pusillus,Otariidae,W,5.25,0,0,39.41,-39.41,Carnivore,S,Marine,MC,0,0
Carnivora,Atelocynus_microtis,Canidae,T,3.89,0,0,5.57,-5.57,Carnivore,S,Forest,TRF,0,0
Carnivora,Bassariscus_sumichrasti,Procyonidae,T,2.95,0,0,16.71,16.71,Omnivore,N,Forest,TRF,0,0
Rodentia,Bathyergus_janetta,Bathyergidae,T,2.52,0,0,29.45,-29.45,Herbivore,S,Shrubland,TRS,0,0
Rodentia,Bathyergus_suillus,Bathyergidae,T,2.8,0,0,33.56,-33.56,Herbivore,S,Grassland,GTE,0,0
Diprotodontia,Bettongia_gaimardi,Potoroidae,T,3.22,0,0,41.78,-41.78,Herbivore,S,Forest,TEF,0,0
Soricomorpha,Blarina_brevicauda,Soricidae,T,1.45,0,0,44.59,44.59,Insectivore,N,Forest,TEF,0,0
Soricomorpha,Blarina_carolinensis,Soricidae,T,1.13,0,0,32.83,32.83,Insectivore,N,Forest,TEF,0,0
Artiodactyla,Bos_gaurus,Bovidae,T,5.9,0,0,19.66,19.66,Herbivore,N,Forest,TRF,0,0
Artiodactyla,Boselaphus_tragocamelus,Bovidae,T,5.23,0,0,22.73,22.73,Herbivore,N,Forest,TRF,0,0
Pilosa,Bradypus_torquatus,Bradypodidae,T,3.59,0,0,16.29,-16.29,Herbivore,S,Forest,TRF,0,0
Artiodactyla,Bubalus_quarlesi,Bovidae,T,5.18,0,0,2.27,-2.27,Herbivore,S,Forest,TRF,0,0
Cingulata,Cabassous_centralis,Dasypodidae,T,3.58,0,0,10.37,10.37,Insectivore,N,Forest,TRF,0,0
Primates,Callimico_goeldii,Callitrichidae,T,2.68,0,0,6.31,-6.31,Omnivore,S,Forest,TRF,0,0
Rodentia,Calomys_callosus,Muridae,T,1.65,0,0,17.16,-17.16,Omnivore,S,Shrubland,TRS,0,0
Rodentia,Calomys_lepidus,Muridae,T,1.42,0,0,18.28,-18.28,Omnivore,S,Savanna,GS,0,0
Didelphimorphia,Caluromys_derbianus,Didelphidae,T,2.47,0,0,11.21,11.21,Omnivore,N,Forest,TRF,0,0
Carnivora,Canis_latrans,Canidae,T,4.13,0,0,48.5,48.5,Carnivore,N,Forest,BF,0,0
Carnivora,Canis_lupus,Canidae,T,4.63,0,0,54.25,54.25,Carnivore,N,Forest,BF,0,0
Rodentia,Cannomys_badius,Muridae,T,2.81,0,0,19.71,19.71,Omnivore,N,Forest,TEF,0,0
Artiodactyla,Capreolus_capreolus,Cervidae,T,4.35,0,0,52.26,52.26,Herbivore,N,Forest,BF,0,0
Artiodactyla,Capreolus_pygargus,Cervidae,T,4.61,0,0,49.85,49.85,Herbivore,N,Forest,BF,0,0
Rodentia,Capromys_pilorides,Capromyidae,T,3.75,0,0,21.63,21.63,Omnivore,N,Forest,TRF,0,0
Primates,Cebuella_pygmaea,Callitrichidae,T,2.18,0,0,5.5,-5.5,Omnivore,S,Forest,TRF,0,0
Perissodactyla,Ceratotherium_simum,Rhinocerotidae,T,6.47,0,0,18.52,-18.52,Herbivore,S,Savanna,GS,0,0
Primates,Cercopithecus_mitis,Cercopithecidae,T,3.7,0,0,8.51,-8.51,Frugivore,S,Forest,TRF,0,0
Cingulata,Chaetophractus_vellerosus,Dasypodidae,T,3.01,0,0,27.57,-27.57,Omnivore,S,Savanna,GS,0,0
Cingulata,Chaetophractus_villosus,Dasypodidae,T,3.66,0,0,35.73,-35.73,Omnivore,S,Forest,TEF,0,0
Rodentia,Chelemys_macronyx,Muridae,T,1.87,0,0,41.94,-41.94,Omnivore,S,Forest,TEF,0,0
Rodentia,Chinchilla_lanigera,Chinchillidae,T,2.69,0,0,30.73,-30.73,Herbivore,S,Shrubland,TES,0,0
Didelphimorphia,Chironectes_minimus,Didelphidae,T,2.98,0,0,5.25,-5.25,Omnivore,S,Forest,TRF,0,0
Rodentia,Coendou_prehensilis,Erethizontidae,T,3.64,0,0,7.84,-7.84,Herbivore,S,Forest,TRF,0,0
Primates,Colobus_guereza,Cercopithecidae,T,4.01,0,0,4.82,4.82,Herbivore,N,Forest,TRF,0,0
Soricomorpha,Condylura_cristata,Talpidae,T,1.92,0,0,47.01,47.01,Insectivore,N,Forest,BF,0,0
Rodentia,Conilurus_penicillatus,Muridae,T,2.19,0,0,14.78,-14.78,Omnivore,S,Forest,TRF,0,0
Rodentia,Cricetomys_gambianus,Muridae,T,3.11,0,0,0.63,-0.63,Omnivore,S,Forest,TRF,0,0
Soricomorpha,Crocidura_poensis,Soricidae,T,1.22,0,0,6.89,6.89,Insectivore,N,Forest,TRF,0,0
Carnivora,Crossarchus_alexandri,Herpestidae,T,3.18,0,0,0.15,-0.15,Carnivore,S,Forest,TRF,0,0
Carnivora,Crossarchus_ansorgei,Herpestidae,T,2.85,0,0,1.62,-1.62,Carnivore,S,Forest,TRF,0,0
Carnivora,Crossarchus_obscurus,Herpestidae,T,3.1,0,0,6.93,6.93,Carnivore,N,Forest,TRF,0,0
Carnivora,Crossarchus_platycephalus,Herpestidae,T,3,0,0,3.96,3.96,Carnivore,N,Forest,TRF,0,0
Rodentia,Cryptomys_bocagei,Bathyergidae,T,1.97,0,0,13.35,-13.35,Herbivore,S,Savanna,GS,0,0
Rodentia,Cryptomys_hottentotus,Bathyergidae,T,2.1,0,0,29.12,-29.12,Herbivore,S,Shrubland,TRS,0,0
Rodentia,Cryptomys_mechowi,Bathyergidae,T,2.43,0,0,10.38,-10.38,Herbivore,S,Savanna,GS,0,0
Soricomorpha,Cryptotis_parva,Soricidae,T,0.7,0,0,34.51,34.51,Insectivore,N,Forest,TEF,0,0
Rodentia,Ctenomys_fulvus,Ctenomyidae,T,2.42,0,0,22.55,-22.55,Herbivore,S,Forest,TRF,0,0
Rodentia,Ctenomys_maulinus,Ctenomyidae,T,2.33,0,0,38.17,-38.17,Herbivore,S,Savanna,GS,0,0
Rodentia,Ctenomys_opimus,Ctenomyidae,T,2.56,0,0,21.85,-21.85,Herbivore,S,Savanna,GS,0,0
Rodentia,Ctenomys_peruanus,Ctenomyidae,T,2.69,0,0,16.9,-16.9,Herbivore,S,Savanna,GS,0,0
Rodentia,Ctenomys_talarum,Ctenomyidae,T,2.12,0,0,37.4,-37.4,Herbivore,S,Savanna,GS,0,0
Rodentia,Dasyprocta_leporina,Dasyproctidae,T,3.48,0,0,3.14,3.14,Herbivore,N,Forest,TRF,0,0
Cingulata,Dasypus_novemcinctus,Dasypodidae,T,3.62,0,0,0.15,-0.15,Omnivore,S,Forest,TEF,0,0
Cingulata,Dasypus_sabanicola,Dasypodidae,T,3.06,0,0,6.69,6.69,Omnivore,N,Savanna,GS,0,0
Cingulata,Dasypus_septemcinctus,Dasypodidae,T,3.18,0,0,14.96,-14.96,Omnivore,S,Forest,TRF,0,0
Dasyuromorphia,Dasyurus_geoffroii,Dasyuridae,T,3.04,0,0,32.85,-32.85,Carnivore,S,Forest,TRF,0,0
Dasyuromorphia,Dasyurus_hallucatus,Dasyuridae,T,2.72,0,0,18.82,-18.82,Carnivore,S,Forest,TRF,0,0
Dasyuromorphia,Dasyurus_maculatus,Dasyuridae,T,3.74,0,0,33.79,-33.79,Carnivore,S,Forest,TRF,0,0
Dasyuromorphia,Dasyurus_viverrinus,Dasyuridae,T,3.04,0,0,42.02,-42.02,Carnivore,S,Forest,TEF,0,0
Hyracoidea,Dendrohyrax_dorsalis,Procaviidae,T,3.5,0,0,1.59,1.59,Herbivore,N,Forest,TRF,0,0
Diprotodontia,Dendrolagus_matschiei,Macropodidae,T,3.84,0,0,6.15,-6.15,Herbivore,S,Forest,TRF,0,0
Rodentia,Desmodillus_auricularis,Muridae,T,1.73,0,0,25.36,-25.36,Omnivore,S,Savanna,GS,0,0
Chiroptera,Diaemus_youngi,Phyllostomidae,A,1.56,0,0,7.43,-7.43,Carnivore,S,Forest,TRF,0,0
Perissodactyla,Diceros_bicornis,Rhinocerotidae,T,6.07,0,0,16.21,-16.21,Herbivore,S,Savanna,GS,0,0
Rodentia,Dicrostonyx_groenlandicus,Muridae,T,1.74,0,0,70.91,70.91,Omnivore,N,Tundra,GTU,0,0
Rodentia,Dicrostonyx_hudsonius,Muridae,T,1.76,0,0,57.96,57.96,Omnivore,N,Tundra,GTU,0,0
Rodentia,Dicrostonyx_richardsoni,Muridae,T,1.6,0,0,61.3,61.3,Omnivore,N,Tundra,GTU,0,0
Didelphimorphia,Didelphis_marsupialis,Didelphidae,T,3.04,0,0,0.82,-0.82,Omnivore,S,Forest,TRF,0,0
Didelphimorphia,Didelphis_virginiana,Didelphidae,T,3.34,0,0,32.39,32.39,Omnivore,N,Forest,TEF,0,0
Chiroptera,Diphylla_ecaudata,Phyllostomidae,A,1.47,0,0,5.6,-5.6,Carnivore,S,Forest,TEF,0,0
Rodentia,Dipodomys_agilis,Heteromyidae,T,1.76,0,0,34.72,34.72,Herbivore,N,Forest,TEF,0,0
Rodentia,Dipodomys_heermanni,Heteromyidae,T,1.86,0,0,36.53,36.53,Herbivore,N,Forest,TEF,0,0
Rodentia,Dipodomys_merriami,Heteromyidae,T,1.62,0,0,30.75,30.75,Herbivore,N,Shrubland,TES,0,0
Rodentia,Dipodomys_microps,Heteromyidae,T,1.74,0,0,39.43,39.43,Herbivore,N,Shrubland,TES,0,0
Rodentia,Dipodomys_nitratoides,Heteromyidae,T,1.64,0,0,35.81,35.81,Herbivore,N,Shrubland,TES,0,0
Rodentia,Dipodomys_ordii,Heteromyidae,T,1.78,0,0,37.42,37.42,Herbivore,N,Shrubland,TES,0,0
Rodentia,Dipodomys_panamintinus,Heteromyidae,T,1.87,0,0,36.73,36.73,Herbivore,N,Savanna,GS,0,0
Rodentia,Dolichotis_salinicola,Caviidae,T,3.2,0,0,25.03,-25.03,Herbivore,S,Savanna,GS,0,0
Erinaceomorpha,Echinosorex_gymnura,Erinaceidae,T,2.98,0,0,1.2,1.2,Insectivore,N,Forest,TRF,0,0
Peramelemorphia,Echymipera_kalubu,Peroryctidae,T,2.84,0,0,5.31,-5.31,Omnivore,S,Forest,TRF,0,0
Peramelemorphia,Echymipera_rufescens,Peroryctidae,T,3.04,0,0,5.87,-5.87,Omnivore,S,Forest,TRF,0,0
Rodentia,Eligmodontia_typus,Muridae,T,1.24,0,0,41.39,-41.39,Omnivore,S,Shrubland,TRS,0,0
Rodentia,Epixerus_ebii,Sciuridae,T,2.77,0,0,3.19,3.19,Omnivore,N,Forest,TRF,0,0
Rodentia,Erethizon_dorsatum,Erethizontidae,T,3.85,0,0,51.54,51.54,Herbivore,N,Forest,BF,0,0
Carnivora,Eumetopias_jubatus,Otariidae,W,5.49,0,0,52.16,52.16,Carnivore,N,Marine,MP,0,0
Rodentia,Euneomys_chinchilloides,Muridae,T,1.94,0,0,53.56,-53.56,Omnivore,S,Tundra,GTU,0,0
Cingulata,Euphractus_sexcinctus,Dasypodidae,T,3.68,0,0,16.04,-16.04,Omnivore,S,Forest,TEF,0,0
Rodentia,Funisciurus_congicus,Sciuridae,T,2.05,0,0,7.16,-7.16,Omnivore,S,Forest,TRF,0,0
Rodentia,Funisciurus_isabella,Sciuridae,T,2.04,0,0,2.82,2.82,Omnivore,N,Forest,TRF,0,0
Rodentia,Funisciurus_lemniscatus,Sciuridae,T,2.15,0,0,0.05,-0.05,Omnivore,S,Forest,TRF,0,0
Rodentia,Funisciurus_pyrropus,Sciuridae,T,2.47,0,0,3.83,3.83,Omnivore,N,Forest,TRF,0,0
Rodentia,Galea_musteloides,Caviidae,T,2.68,0,0,30.1,-30.1,Herbivore,S,Shrubland,TRS,0,0
Rodentia,Geocapromys_brownii,Capromyidae,T,3.18,0,0,18.08,18.08,Herbivore,N,Forest,TRF,0,0
Rodentia,Geocapromys_ingrahami,Capromyidae,T,2.9,0,0,23.62,23.62,Herbivore,N,Forest,TRF,0,0
Rodentia,Geomys_bursarius,Geomyidae,T,2.31,0,0,40.21,40.21,Herbivore,N,Grassland,GTE,0,0
Rodentia,Geomys_pinetis,Geomyidae,T,1.93,0,0,31.04,31.04,Herbivore,N,Forest,TEF,0,0
Rodentia,Georychus_capensis,Bathyergidae,T,2.38,0,0,33.04,-33.04,Herbivore,S,Forest,TEF,0,0
Rodentia,Gerbillurus_paeba,Muridae,T,1.37,0,0,24.7,-24.7,Omnivore,S,Savanna,GS,0,0
Rodentia,Gerbillurus_setzeri,Muridae,T,1.58,0,0,20.1,-20.1,Omnivore,S,Savanna,GS,0,0
Rodentia,Gerbillurus_tytonis,Muridae,T,1.49,0,0,24.98,-24.98,Omnivore,S,Grassland,GTE,0,0
Rodentia,Gerbillurus_vallinus,Muridae,T,1.55,0,0,27.65,-27.65,Omnivore,S,Savanna,GS,0,0
Rodentia,Gerbillus_dasyurus,Muridae,T,1.37,0,0,27.16,27.16,Omnivore,N,Shrubland,TRS,0,0
Rodentia,Gerbillus_gerbillus,Muridae,T,1.4,0,0,23.62,23.62,Omnivore,N,Shrubland,TRS,0,0
Rodentia,Gerbillus_nanus,Muridae,T,1.41,0,0,24.59,24.59,Omnivore,N,Savanna,GS,0,0
Rodentia,Gerbillus_pusillus,Muridae,T,2.1,0,0,4.15,4.15,Omnivore,N,Shrubland,TRS,0,0
Rodentia,Gerbillus_pyramidum,Muridae,T,1.69,0,0,19.57,19.57,Omnivore,N,Shrubland,TRS,0,0
Rodentia,Glaucomys_sabrinus,Sciuridae,T,2.22,0,0,54.97,54.97,Omnivore,N,Forest,BF,0,0
Rodentia,Glaucomys_volans,Sciuridae,T,1.81,0,0,37.07,37.07,Omnivore,N,Forest,TEF,0,0
Cetacea,Globicephala_macrorhynchus,Delphinidae,W,5.86,0,0,0.77,0.77,Carnivore,N,Marine,MP,0,0
Cetacea,Globicephala_melas,Delphinidae,W,5.9,0,0,6.86,-6.86,Carnivore,S,Marine,MP,0,0
Rodentia,Golunda_ellioti,Muridae,T,1.75,0,0,22.32,22.32,Omnivore,N,Forest,TRF,0,0
Carnivora,Gulo_gulo,Mustelidae,T,4.29,0,0,62.51,62.51,Carnivore,N,Forest,BF,0,0
Diprotodontia,Gymnobelideus_leadbeateri,Petauridae,T,2.1,0,0,37.61,-37.61,Omnivore,S,Forest,TEF,0,0
Rodentia,Heliophobius_argenteocinereus,Bathyergidae,T,2.26,0,0,9.38,-9.38,Herbivore,S,Savanna,GS,0,0
Rodentia,Heliosciurus_rufobrachium,Sciuridae,T,2.57,0,0,4.66,4.66,Omnivore,N,Forest,TRF,0,0
Carnivora,Herpestes_edwardsii,Herpestidae,T,3.12,0,0,23.25,23.25,Carnivore,N,Forest,TRF,0,0
Rodentia,Heterocephalus_glaber,Bathyergidae,T,1.74,0,0,5.22,5.22,Herbivore,N,Savanna,GS,0,0
Rodentia,Heteromys_anomalus,Heteromyidae,T,1.85,0,0,9.26,9.26,Herbivore,N,Forest,TRF,0,0
Rodentia,Heteromys_desmarestianus,Heteromyidae,T,1.86,0,0,14.08,14.08,Herbivore,N,Forest,TRF,0,0
Artiodactyla,Hippocamelus_antisensis,Cervidae,T,4.84,0,0,17.52,-17.52,Herbivore,S,Shrubland,TRS,0,0
Artiodactyla,Hippocamelus_bisulcus,Cervidae,T,4.85,0,0,46.81,-46.81,Herbivore,S,Forest,TES,0,0
Chiroptera,Hipposideros_caffer,Rhinolophidae,A,0.98,0,0,0.95,-0.95,Insectivore,S,Forest,TRF,0,0
Artiodactyla,Hippotragus_equinus,Bovidae,T,5.43,0,0,0.35,-0.35,Herbivore,S,Forest,TRF,0,0
Artiodactyla,Hippotragus_niger,Bovidae,T,5.36,0,0,14.03,-14.03,Herbivore,S,Forest,TRF,0,0
Carnivora,Hyaena_hyaena,Hyaenidae,T,4.66,0,0,22.05,22.05,Carnivore,N,Savanna,GS,0,0
Rodentia,Hydromys_chrysogaster,Muridae,T,2.78,0,0,22.33,-22.33,Omnivore,S,Forest,TRF,0,0
Erinaceomorpha,Hylomys_suillus,Erinaceidae,T,1.81,0,0,12.15,12.15,Insectivore,N,Forest,TRF,0,0
Rodentia,Hystrix_africaeaustralis,Hystricidae,T,4.17,0,0,16.72,-16.72,Herbivore,S,Savanna,GS,0,0
Peramelemorphia,Isoodon_auratus,Peramelidae,T,2.63,0,0,15.61,-15.61,Omnivore,S,Savanna,GS,0,0
Peramelemorphia,Isoodon_macrourus,Peramelidae,T,3.2,0,0,19.11,-19.11,Omnivore,S,Forest,TEF,0,0
Peramelemorphia,Isoodon_obesulus,Peramelidae,T,2.89,0,0,36.23,-36.23,Omnivore,S,Forest,TEF,0,0
Rodentia,Isthmomys_pirrensis,Muridae,T,2.14,0,0,7.81,7.81,Omnivore,N,Forest,TRF,0,0
Rodentia,Kerodon_rupestris,Caviidae,T,2.9,0,0,9.66,-9.66,Herbivore,S,Savanna,GS,0,0
Artiodactyla,Kobus_ellipsiprymnus,Bovidae,T,5.32,0,0,0.96,-0.96,Herbivore,S,Forest,TRF,0,0
Artiodactyla,Kobus_megaceros,Bovidae,T,4.94,0,0,8.3,8.3,Herbivore,N,Savanna,GS,0,0
Artiodactyla,Kobus_vardonii,Bovidae,T,4.85,0,0,12.48,-12.48,Herbivore,S,Savanna,GS,0,0
Cetacea,Lagenorhynchus_obscurus,Delphinidae,W,5.11,0,0,40.73,-40.73,Carnivore,S,Marine,MP,0,0
Diprotodontia,Lagorchestes_conspicillatus,Macropodidae,T,3.48,0,0,18.29,-18.29,Herbivore,S,Forest,TRF,0,0
Rodentia,Lagostomus_maximus,Chinchillidae,T,3.67,0,0,31.21,-31.21,Herbivore,S,Savanna,GS,0,0
Rodentia,Lasiopodomys_brandtii,Muridae,T,1.65,0,0,46.41,46.41,Omnivore,N,Shrubland,TRS,0,0
Diprotodontia,Lasiorhinus_latifrons,Vombatidae,T,4.41,0,0,31.61,-31.61,Herbivore,S,Forest,TEF,0,0
Rodentia,Lemmiscus_curtatus,Muridae,T,1.45,0,0,44.19,44.19,Omnivore,N,Shrubland,TES,0,0
Rodentia,Lemmus_sibiricus,Muridae,T,1.72,0,0,71.02,71.02,Omnivore,N,Tundra,GTU,0,0
Rodentia,Lemniscomys_griselda,Muridae,T,1.76,0,0,11.61,-11.61,Omnivore,S,Savanna,GS,0,0
Carnivora,Leopardus_pardalis,Felidae,T,4.08,0,0,7.71,-7.71,Carnivore,S,Forest,TRF,0,0
Carnivora,Leopardus_wiedii,Felidae,T,3.51,0,0,5.36,-5.36,Carnivore,S,Forest,TRF,0,0
Carnivora,Leptonychotes_weddellii,Phocidae,W,5.6,0,0,65.99,-65.99,Carnivore,S,Marine,MP,0,0
Lagomorpha,Lepus_americanus,Leporidae,T,3.23,0,0,55.29,55.29,Herbivore,N,Forest,BF,0,0
Lagomorpha,Lepus_arcticus,Leporidae,T,3.64,0,0,70.92,70.92,Herbivore,N,Tundra,GTU,0,0
Lagomorpha,Lepus_europaeus,Leporidae,T,3.57,0,0,30.63,30.63,Herbivore,N,Shrubland,TES,0,0
Lagomorpha,Lepus_townsendii,Leporidae,T,3.19,0,0,45.36,45.36,Herbivore,N,Shrubland,TES,0,0
Artiodactyla,Litocranius_walleri,Bovidae,T,4.58,0,0,4.52,4.52,Herbivore,N,Savanna,GS,0,0
Carnivora,Lontra_canadensis,Mustelidae,T,3.91,0,0,53.63,53.63,Carnivore,N,Fresh_water,FWW,0,0
Primates,Loris_tardigradus,Loridae,T,2.33,0,0,6.81,6.81,Insectivore,N,Forest,TRF,0,0
Didelphimorphia,Lutreolina_crassicaudata,Didelphidae,T,2.73,0,0,22.66,-22.66,Omnivore,S,Forest,TRF,0,0
Carnivora,Lycaon_pictus,Canidae,T,4.34,0,0,9.43,-9.43,Carnivore,S,Forest,TRF,0,0
Carnivora,Lynx_canadensis,Felidae,T,3.97,0,0,57.07,57.07,Carnivore,N,Forest,BF,0,0
Carnivora,Lynx_pardinus,Felidae,T,3.97,0,0,37.35,37.35,Carnivore,N,Forest,TEF,0,0
Carnivora,Lynx_rufus,Felidae,T,3.95,0,0,38.79,38.79,Carnivore,N,Forest,BF,0,0
Chiroptera,Macroderma_gigas,Megadermatidae,A,2.1,0,0,17.71,-17.71,Carnivore,S,Forest,TRF,0,0
Diprotodontia,Macropus_eugenii,Macropodidae,T,3.81,0,0,34.16,-34.16,Herbivore,S,Shrubland,TES,0,0
Diprotodontia,Macropus_robustus,Macropodidae,T,4.33,0,0,24.62,-24.62,Herbivore,S,Forest,TEF,0,0
Diprotodontia,Macropus_rufus,Macropodidae,T,4.67,0,0,25.43,-25.43,Herbivore,S,Savanna,GS,0,0
Peramelemorphia,Macrotis_lagotis,Peramelidae,T,3.13,0,0,21.69,-21.69,Omnivore,S,Forest,TRF,0,0
Chiroptera,Macrotus_californicus,Phyllostomidae,A,1.07,0,0,30.65,30.65,Insectivore,N,Forest,TEF,0,0
Chiroptera,Macrotus_waterhousii,Phyllostomidae,A,1.11,0,0,19.86,19.86,Insectivore,N,Forest,TRF,0,0
Rodentia,Malacothrix_typica,Muridae,T,1.13,0,0,26.38,-26.38,Omnivore,S,Savanna,GS,0,0
Pholidota,Manis_crassicaudata,Manidae,T,3.59,0,0,21.71,21.71,Insectivore,N,Forest,TRF,0,0
Pholidota,Manis_javanica,Manidae,T,3.71,0,0,5.85,5.85,Insectivore,N,Forest,TRF,0,0
Carnivora,Martes_americana,Mustelidae,T,3.1,0,0,56.65,56.65,Carnivore,N,Forest,BF,0,0
Carnivora,Martes_martes,Mustelidae,T,3.11,0,0,55.43,55.43,Carnivore,N,Forest,BF,0,0
Carnivora,Martes_pennanti,Mustelidae,T,3.6,0,0,51.75,51.75,Carnivore,N,Forest,BF,0,0
Rodentia,Mastomys_natalensis,Muridae,T,1.78,0,0,1.53,-1.53,Omnivore,S,Savanna,GS,0,0
Soricomorpha,Megasorex_gigas,Soricidae,T,1.3,0,0,19.07,19.07,Insectivore,N,Forest,TEF,0,0
Carnivora,Melursus_ursinus,Ursidae,T,5,0,0,20.67,20.67,Carnivore,N,Forest,TRF,0,0
Rodentia,Meriones_hurrianae,Muridae,T,1.85,0,0,26.37,26.37,Omnivore,N,Savanna,GS,0,0
Rodentia,Meriones_tristrami,Muridae,T,1.7,0,0,37.28,37.28,Omnivore,N,Shrubland,TRS,0,0
Rodentia,Meriones_unguiculatus,Muridae,T,1.73,0,0,43.68,43.68,Omnivore,N,Shrubland,TRS,0,0
Rodentia,Mesembriomys_macrurus,Muridae,T,2.43,0,0,15.38,-15.38,Omnivore,S,Forest,TRF,0,0
Rodentia,Mesocricetus_brandti,Muridae,T,2.3,0,0,38.66,38.66,Omnivore,N,Shrubland,TRS,0,0
Didelphimorphia,Metachirus_nudicaudatus,Didelphidae,T,2.57,0,0,6.87,-6.87,Omnivore,S,Forest,TRF,0,0
Rodentia,Microcavia_niata,Caviidae,T,2.41,0,0,19.84,-19.84,Herbivore,S,Grassland,GTE,0,0
Rodentia,Micromys_minutus,Muridae,T,0.78,0,0,49.02,49.02,Herbivore,N,Forest,BF,0,0
Rodentia,Microtus_arvalis,Muridae,T,1.45,0,0,51.4,51.4,Herbivore,N,Forest,TEF,0,0
Rodentia,Microtus_breweri,Muridae,T,1.72,0,0,41.34,41.34,Herbivore,N,Grassland,GTE,0,0
Rodentia,Microtus_californicus,Muridae,T,1.76,0,0,37.18,37.18,Herbivore,N,Grassland,GTE,0,0
Rodentia,Microtus_chrotorrhinus,Muridae,T,1.59,0,0,47.35,47.35,Herbivore,N,Forest,BF,0,0
Rodentia,Microtus_longicaudus,Muridae,T,1.67,0,0,50.61,50.61,Herbivore,N,Forest,BF,0,0
Rodentia,Microtus_mexicanus,Muridae,T,1.54,0,0,27.19,27.19,Herbivore,N,Forest,TEF,0,0
Rodentia,Microtus_miurus,Muridae,T,1.61,0,0,64.64,64.64,Herbivore,N,Tundra,GTU,0,0
Rodentia,Microtus_montanus,Muridae,T,1.56,0,0,42.52,42.52,Herbivore,N,Shrubland,TES,0,0
Rodentia,Microtus_ochrogaster,Muridae,T,1.58,0,0,43.74,43.74,Herbivore,N,Shrubland,TES,0,0
Rodentia,Microtus_oeconomus,Muridae,T,1.63,0,0,61.54,61.54,Herbivore,N,Tundra,GTU,0,0
Rodentia,Microtus_oregoni,Muridae,T,1.31,0,0,45.1,45.1,Herbivore,N,Forest,TEF,0,0
Rodentia,Microtus_pennsylvanicus,Muridae,T,1.57,0,0,54.01,54.01,Herbivore,N,Forest,TEF,0,0
Rodentia,Microtus_pinetorum,Muridae,T,1.42,0,0,37.76,37.76,Herbivore,N,Forest,TEF,0,0
Rodentia,Microtus_richardsoni,Muridae,T,1.93,0,0,46.28,46.28,Herbivore,N,Grassland,GTE,0,0
Rodentia,Microtus_subterraneus,Muridae,T,1.29,0,0,49.63,49.63,Herbivore,N,Forest,TEF,0,0
Rodentia,Microtus_townsendii,Muridae,T,1.81,0,0,45.67,45.67,Herbivore,N,Grassland,GTE,0,0
Rodentia,Microtus_xanthognathus,Muridae,T,2.1,0,0,62.55,62.55,Herbivore,N,Forest,BF,0,0
Didelphimorphia,Monodelphis_domestica,Didelphidae,T,1.85,0,0,14.81,-14.81,Insectivore,S,Forest,TRF,0,0
Artiodactyla,Moschus_moschiferus,Moschidae,T,4.11,0,0,53.41,53.41,Herbivore,N,Forest,BF,0,0
Carnivora,Mungos_gambianus,Herpestidae,T,3.18,0,0,8.74,8.74,Carnivore,N,Forest,TRF,0,0
Carnivora,Mungos_mungo,Herpestidae,T,3.28,0,0,4.3,-4.3,Carnivore,S,Savanna,GS,0,0
Rodentia,Mus_minutoides,Muridae,T,0.79,0,0,10.02,-10.02,Herbivore,S,Forest,TRF,0,0
Rodentia,Mus_spretus,Muridae,T,1.11,0,0,37.27,37.27,Herbivore,N,Forest,TEF,0,0
Carnivora,Mustela_erminea,Mustelidae,T,2.23,0,0,58.73,58.73,Carnivore,N,Forest,BF,0,0
Carnivora,Mustela_frenata,Mustelidae,T,2.17,0,0,34.74,34.74,Carnivore,N,Shrubland,TES,0,0
Carnivora,Mustela_nigripes,Mustelidae,T,2.93,0,0,42.59,42.59,Carnivore,N,Shrubland,TES,0,0
Carnivora,Mustela_nivalis,Mustelidae,T,2.27,0,0,56.13,56.13,Carnivore,N,Forest,BF,0,0
Rodentia,Myoprocta_acouchy,Dasyproctidae,T,2.78,0,0,1.67,1.67,Herbivore,N,Forest,TRF,0,0
Rodentia,Myopus_schisticolor,Muridae,T,1.4,0,0,60.44,60.44,Omnivore,N,Forest,BF,0,0
Pilosa,Myrmecophaga_tridactyla,Myrmecophagidae,T,4.35,0,0,7.64,-7.64,Insectivore,S,Forest,TRF,0,0
Carnivora,Nandinia_binotata,Viverridae,T,3.3,0,0,0.44,-0.44,Carnivore,S,Forest,TRF,0,0
Soricomorpha,Neomys_fodiens,Soricidae,T,1.16,0,0,54.42,54.42,Insectivore,N,Forest,TEF,0,0
Carnivora,Neophoca_cinerea,Otariidae,W,5.28,0,0,33.98,-33.98,Carnivore,S,Marine,MCP,0,0
Rodentia,Neotoma_albigula,Muridae,T,2.31,0,0,32.12,32.12,Herbivore,N,Forest,TEF,0,0
Rodentia,Neotoma_cinerea,Muridae,T,2.48,0,0,48.44,48.44,Herbivore,N,Forest,BF,0,0
Rodentia,Neotoma_fuscipes,Muridae,T,2.36,0,0,40.47,40.47,Herbivore,N,Forest,TEF,0,0
Rodentia,Neotoma_lepida,Muridae,T,2.21,0,0,36.78,36.78,Herbivore,N,Shrubland,TES,0,0
Artiodactyla,Neotragus_batesi,Bovidae,T,3.48,0,0,0.76,0.76,Herbivore,N,Forest,TRF,0,0
Soricomorpha,Neurotrichus_gibbsii,Talpidae,T,0.95,0,0,44.55,44.55,Insectivore,N,Forest,TEF,0,0
Chiroptera,Noctilio_leporinus,Noctilionidae,A,1.78,0,0,6.16,-6.16,Carnivore,S,Forest,TRF,0,0
Primates,Nycticebus_coucang,Loridae,T,3.07,0,0,1.38,1.38,Omnivore,N,Forest,TRF,0,0
Lagomorpha,Ochotona_collaris,Ochotonidae,T,2.11,0,0,62.84,62.84,Herbivore,N,Forest,BF,0,0
Lagomorpha,Ochotona_princeps,Ochotonidae,T,2.2,0,0,45.55,45.55,Herbivore,N,Forest,TEF,0,0
Rodentia,Octodon_bridgesi,Octodontidae,T,2.18,0,0,36.82,-36.82,Herbivore,S,Forest,TEF,0,0
Rodentia,Octodon_degus,Octodontidae,T,2.32,0,0,32.14,-32.14,Herbivore,S,Shrubland,TES,0,0
Rodentia,Octodon_lunatus,Octodontidae,T,2.37,0,0,32.63,-32.63,Herbivore,S,Shrubland,TES,0,0
Rodentia,Octodontomys_gliroides,Octodontidae,T,2.18,0,0,21.11,-21.11,Herbivore,S,Shrubland,TRS,0,0
Rodentia,Oligoryzomys_longicaudatus,Muridae,T,1.43,0,0,41.01,-41.01,Herbivore,S,Forest,TEF,0,0
Rodentia,Onychomys_leucogaster,Muridae,T,1.45,0,0,40.83,40.83,Omnivore,N,Shrubland,TES,0,0
Rodentia,Onychomys_torridus,Muridae,T,1.4,0,0,34,34,Omnivore,N,Shrubland,TES,0,0
Artiodactyla,Oreotragus_oreotragus,Bovidae,T,4.11,0,0,10.65,-10.65,Herbivore,S,Savanna,GS,0,0
Tubulidentata,Orycteropus_afer,Orycteropodidae,T,4.72,0,0,2.25,-2.25,Insectivore,S,Forest,TRF,0,0
Lagomorpha,Oryctolagus_cuniculus,Leporidae,T,3.33,0,0,0.87,-0.87,Herbivore,S,Forest,TEF,0,0
Carnivora,Otaria_flavescens,Otariidae,W,5.44,0,0,41.5,-41.5,Carnivore,S,Marine,MCP,0,0
Carnivora,Otocyon_megalotis,Canidae,T,3.62,0,0,12.8,-12.8,Carnivore,S,Savanna,GS,0,0
Rodentia,Otomys_irroratus,Muridae,T,2.01,0,0,28.98,-28.98,Omnivore,S,Savanna,GS,0,0
Rodentia,Otomys_sloggetti,Muridae,T,2.03,0,0,29.56,-29.56,Omnivore,S,Savanna,GS,0,0
Rodentia,Otomys_unisulcatus,Muridae,T,2.1,0,0,31.59,-31.59,Omnivore,S,Shrubland,TRS,0,0
Artiodactyla,Ovibos_moschatus,Bovidae,T,5.49,0,0,72.83,72.83,Herbivore,N,Tundra,GTU,0,0
Rodentia,Oxymycterus_roberti,Muridae,T,1.92,0,0,17.32,-17.32,Insectivore,S,Forest,TEF,0,0
Primates,Pan_troglodytes,Hominidae,T,4.65,0,0,3.52,3.52,Frugivore,N,Forest,TRF,0,0
Carnivora,Panthera_leo,Felidae,T,5.21,0,0,4.2,-4.2,Carnivore,S,Savanna,GS,0,0
Carnivora,Panthera_onca,Felidae,T,5,0,0,4.93,-4.93,Carnivore,S,Forest,TEF,0,0
Carnivora,Panthera_pardus,Felidae,T,4.74,0,0,6.51,6.51,Carnivore,N,Forest,TEF,0,0
Carnivora,Panthera_tigris,Felidae,T,5.21,0,0,25.95,25.95,Carnivore,N,Forest,BF,0,0
Carnivora,Paradoxurus_hermaphroditus,Viverridae,T,3.51,0,0,15.86,15.86,Carnivore,N,Forest,TEF,0,0
Rodentia,Paraxerus_cepapi,Sciuridae,T,2.26,0,0,16.41,-16.41,Herbivore,S,Savanna,GS,0,0
Rodentia,Paraxerus_palliatus,Sciuridae,T,2.49,0,0,12.16,-12.16,Herbivore,S,Forest,TRF,0,0
Rodentia,Parotomys_brantsii,Muridae,T,2.11,0,0,29.31,-29.31,Omnivore,S,Shrubland,TRS,0,0
Rodentia,Pedetes_capensis,Pedetidae,T,3.5,0,0,19.41,-19.41,Herbivore,S,Savanna,GS,0,0
Peramelemorphia,Perameles_gunnii,Peramelidae,T,2.94,0,0,41.75,-41.75,Omnivore,S,Grassland,GTE,0,0
Peramelemorphia,Perameles_nasuta,Peramelidae,T,2.99,0,0,29.77,-29.77,Insectivore,S,Forest,TEF,0,0
Diprotodontia,Petauroides_volans,Psuedocheiridae,T,3.11,0,0,27.71,-27.71,Herbivore,S,Forest,TEF,0,0
Diprotodontia,Phalanger_carmelitae,Phalangeridae,T,3.31,0,0,6.28,-6.28,Herbivore,S,Forest,TRF,0,0
Diprotodontia,Phalanger_intercastellanus,Phalangeridae,T,3.24,0,0,8.9,-8.9,Herbivore,S,Forest,TEF,0,0
Diprotodontia,Phalanger_sericeus,Phalangeridae,T,3.3,0,0,6.25,-6.25,Herbivore,S,Forest,TEF,0,0
Dasyuromorphia,Phascogale_tapoatafa,Dasyuridae,T,2.29,0,0,29.53,-29.53,Carnivore,S,Forest,TRF,0,0
Diprotodontia,Phascolarctos_cinereus,Phascolarctidae,T,4.01,0,0,27.77,-27.77,Herbivore,S,Forest,TEF,0,0
Rodentia,Phenacomys_intermedius,Muridae,T,1.4,0,0,47.88,47.88,Herbivore,N,Forest,BF,0,0
Didelphimorphia,Philander_opossum,Didelphidae,T,2.88,0,0,2.9,-2.9,Omnivore,S,Forest,TRF,0,0
Carnivora,Phoca_vitulina,Phocidae,W,5,0,0,60.18,60.18,Carnivore,N,Marine,MCP,0,0
Rodentia,Phodopus_campbelli,Muridae,T,1.37,0,0,45.38,45.38,Omnivore,N,Shrubland,TES,0,0
Chiroptera,Phyllostomus_discolor,Phyllostomidae,A,1.57,0,0,5.3,-5.3,Omnivore,S,Forest,TRF,0,0
Chiroptera,Phyllostomus_hastatus,Phyllostomidae,A,1.97,0,0,6.05,-6.05,Omnivore,S,Forest,TRF,0,0
Rodentia,Phyllotis_magister,Muridae,T,1.84,0,0,17.31,-17.31,Omnivore,S,Forest,TRF,0,0
Diprotodontia,Potorous_longipes,Potoroidae,T,3.28,0,0,37.27,-37.27,Herbivore,S,Forest,TEF,0,0
Diprotodontia,Potorous_tridactylus,Potoroidae,T,3.04,0,0,34.69,-34.69,Herbivore,S,Forest,TEF,0,0
Carnivora,Potos_flavus,Procyonidae,T,3.48,0,0,4.32,-4.32,Carnivore,S,Forest,TRF,0,0
Carnivora,Prionodon_linsang,Viverridae,T,2.85,0,0,1.58,1.58,Carnivore,N,Forest,TRF,0,0
Hyracoidea,Procavia_capensis,Procaviidae,T,3.48,0,0,6.73,6.73,Herbivore,N,Savanna,GS,0,0
Carnivora,Procyon_lotor,Procyonidae,T,3.74,0,0,39.18,39.18,Omnivore,N,Forest,TRF,0,0
Rodentia,Proechimys_semispinosus,Echimyidae,T,2.56,0,0,7.19,7.19,Omnivore,N,Forest,TRF,0,0
Diprotodontia,Pseudocheirus_peregrinus,Psuedocheiridae,T,2.95,0,0,30.37,-30.37,Herbivore,S,Forest,TEF,0,0
Rodentia,Pseudomys_gracilicaudatus,Muridae,T,1.87,0,0,24.3,-24.3,Omnivore,S,Forest,TEF,0,0
Scandentia,Ptilocercus_lowii,Tupaiidae,T,1.63,0,0,3.5,3.5,Omnivore,N,Forest,TRF,0,0
Artiodactyla,Pudu_puda,Cervidae,T,3.99,0,0,40.86,-40.86,Herbivore,S,Forest,TEF,0,0
Carnivora,Puma_concolor,Felidae,T,4.71,0,0,6.82,6.82,Carnivore,N,Forest,BF,0,0
Artiodactyla,Raphicerus_campestris,Bovidae,T,4.02,0,0,20.98,-20.98,Herbivore,S,Savanna,GS,0,0
Artiodactyla,Raphicerus_melanotis,Bovidae,T,4.01,0,0,32.87,-32.87,Herbivore,S,Shrubland,TES,0,0
Artiodactyla,Raphicerus_sharpei,Bovidae,T,3.98,0,0,14.6,-14.6,Herbivore,S,Savanna,GS,0,0
Rodentia,Rattus_exulans,Muridae,T,1.6,0,0,3.09,3.09,Omnivore,N,Forest,TRF,0,0
Rodentia,Rattus_fuscipes,Muridae,T,2.12,0,0,32.76,-32.76,Omnivore,S,Forest,TRF,0,0
Rodentia,Rattus_lutreolus,Muridae,T,2.03,0,0,35.5,-35.5,Omnivore,S,Forest,TEF,0,0
Rodentia,Rattus_rattus,Muridae,T,2.25,0,0,23.82,23.82,Omnivore,N,Forest,BF,0,0
Artiodactyla,Redunca_arundinum,Bovidae,T,4.76,0,0,13.62,-13.62,Herbivore,S,Savanna,GS,0,0
Artiodactyla,Redunca_fulvorufula,Bovidae,T,4.47,0,0,15.84,-15.84,Herbivore,S,Shrubland,TRS,0,0
Rodentia,Reithrodon_auritus,Muridae,T,1.85,0,0,42.51,-42.51,Omnivore,S,Shrubland,TES,0,0
Rodentia,Rhabdomys_pumilio,Muridae,T,1.61,0,0,22.46,-22.46,Omnivore,S,Savanna,GS,0,0
Perissodactyla,Rhinoceros_unicornis,Rhinocerotidae,T,6.2,0,0,27.49,27.49,Herbivore,N,Forest,TRF,0,0
Chiroptera,Saccopteryx_bilineata,Emballonuridae,A,0.91,0,0,3.8,-3.8,Insectivore,S,Forest,TRF,0,0
Dasyuromorphia,Sarcophilus_harrisii,Dasyuridae,T,4,0,0,42.02,-42.02,Carnivore,S,Forest,TEF,0,0
Soricomorpha,Scalopus_aquaticus,Talpidae,T,1.96,0,0,36.95,36.95,Insectivore,N,Forest,TEF,0,0
Soricomorpha,Scapanus_latimanus,Talpidae,T,1.74,0,0,38.33,38.33,Insectivore,N,Forest,TEF,0,0
Soricomorpha,Scapanus_orarius,Talpidae,T,1.79,0,0,45.62,45.62,Insectivore,N,Forest,TEF,0,0
Soricomorpha,Scapanus_townsendii,Talpidae,T,2.15,0,0,45.73,45.73,Insectivore,N,Forest,TEF,0,0
Rodentia,Sciurus_aberti,Sciuridae,T,2.8,0,0,33.21,33.21,Herbivore,N,Forest,TEF,0,0
Rodentia,Sciurus_carolinensis,Sciuridae,T,2.7,0,0,40.02,40.02,Herbivore,N,Forest,TEF,0,0
Rodentia,Sciurus_niger,Sciuridae,T,2.88,0,0,38.5,38.5,Herbivore,N,Forest,TEF,0,0
Rodentia,Scotinomys_teguina,Muridae,T,1.05,0,0,14.28,14.28,Omnivore,N,Forest,TRF,0,0
Rodentia,Scotinomys_xerampelinus,Muridae,T,1.18,0,0,9.31,9.31,Omnivore,N,Forest,TEF,0,0
Diprotodontia,Setonix_brachyurus,Macropodidae,T,3.51,0,0,34.18,-34.18,Herbivore,S,Forest,TRF,0,0
Rodentia,Sigmodon_alleni,Muridae,T,2.25,0,0,19.27,19.27,Omnivore,N,Forest,TRF,0,0
Rodentia,Sigmodon_fulviventer,Muridae,T,2.33,0,0,27.18,27.18,Omnivore,N,Forest,TEF,0,0
Rodentia,Sigmodon_hispidus,Muridae,T,1.97,0,0,33.47,33.47,Omnivore,N,Grassland,GTE,0,0
Rodentia,Sigmodon_leucotis,Muridae,T,2.13,0,0,21.58,21.58,Omnivore,N,Forest,TRF,0,0
Rodentia,Sigmodon_ochrognathus,Muridae,T,2.09,0,0,28.94,28.94,Omnivore,N,Forest,TEF,0,0
Soricomorpha,Solenodon_paradoxus,Solenodontidae,T,2.95,0,0,19.09,19.09,Insectivore,N,Forest,TRF,0,0
Soricomorpha,Sorex_alpinus,Soricidae,T,0.89,0,0,46.88,46.88,Insectivore,N,Forest,TEF,0,0
Soricomorpha,Sorex_araneus,Soricidae,T,1,0,0,57.51,57.51,Insectivore,N,Forest,BF,0,0
Soricomorpha,Sorex_arcticus,Soricidae,T,0.91,0,0,54.85,54.85,Insectivore,N,Forest,BF,0,0
Soricomorpha,Sorex_bendirii,Soricidae,T,1.21,0,0,44.89,44.89,Insectivore,N,Forest,TEF,0,0
Soricomorpha,Sorex_cinereus,Soricidae,T,0.67,0,0,54.62,54.62,Insectivore,N,Forest,TEF,0,0
Soricomorpha,Sorex_coronatus,Soricidae,T,0.98,0,0,47.47,47.47,Insectivore,N,Forest,TEF,0,0
Soricomorpha,Sorex_dispar,Soricidae,T,0.7,0,0,41.83,41.83,Insectivore,N,Forest,TEF,0,0
Soricomorpha,Sorex_fumeus,Soricidae,T,0.89,0,0,41.59,41.59,Insectivore,N,Forest,TEF,0,0
Soricomorpha,Sorex_haydeni,Soricidae,T,0.7,0,0,45.71,45.71,Insectivore,N,Forest,TEF,0,0
Soricomorpha,Sorex_hoyi,Soricidae,T,0.41,0,0,54.14,54.14,Insectivore,N,Forest,BF,0,0
Soricomorpha,Sorex_merriami,Soricidae,T,0.77,0,0,41.37,41.37,Insectivore,N,Forest,TEF,0,0
Soricomorpha,Sorex_minutus,Soricidae,T,0.65,0,0,55.81,55.81,Insectivore,N,Forest,BF,0,0
Soricomorpha,Sorex_monticolus,Soricidae,T,0.72,0,0,56.98,56.98,Insectivore,N,Forest,BF,0,0
Soricomorpha,Sorex_palustris,Soricidae,T,1.13,0,0,50.66,50.66,Insectivore,N,Forest,TEF,0,0
Soricomorpha,Sorex_preblei,Soricidae,T,0.49,0,0,44.2,44.2,Insectivore,N,Forest,BF,0,0
Soricomorpha,Sorex_trowbridgii,Soricidae,T,0.58,0,0,42.84,42.84,Insectivore,N,Forest,TEF,0,0
Soricomorpha,Sorex_tundrensis,Soricidae,T,1,0,0,61.24,61.24,Insectivore,N,Tundra,GTU,0,0
Soricomorpha,Sorex_vagrans,Soricidae,T,0.65,0,0,45.06,45.06,Insectivore,N,Forest,TEF,0,0
Cetacea,Sousa_chinensis,Delphinidae,W,5.45,0,0,21.26,21.26,Carnivore,N,Marine,MCP,0,0
Cetacea,Sousa_teuszii,Delphinidae,W,5,0,0,4.77,4.77,Carnivore,N,Marine,MCP,0,0
Carnivora,Speothos_venaticus,Canidae,T,3.78,0,0,7.17,-7.17,Carnivore,S,Forest,TRF,0,0
Diprotodontia,Spilocuscus_maculatus,Phalangeridae,T,3.81,0,0,5.67,-5.67,Herbivore,S,Forest,TRF,0,0
Cetacea,Stenella_longirostris,Delphinidae,W,4.7,0,0,1.13,-1.13,Carnivore,S,Marine,MP,0,0
Chiroptera,Stenoderma_rufum,Phyllostomidae,A,1.31,0,0,18.22,18.22,Frugivore,N,Forest,TRF,0,0
Rodentia,Stochomys_longicaudatus,Muridae,T,1.85,0,0,0.77,0.77,Omnivore,N,Forest,TRF,0,0
Chiroptera,Sturnira_lilium,Phyllostomidae,A,1.28,0,0,6.4,-6.4,Frugivore,S,Forest,TRF,0,0
Carnivora,Suricata_suricatta,Herpestidae,T,2.86,0,0,26.09,-26.09,Carnivore,S,Shrubland,TRS,0,0
Artiodactyla,Sylvicapra_grimmia,Bovidae,T,4.29,0,0,6.33,-6.33,Herbivore,S,Forest,TRF,0,0
Lagomorpha,Sylvilagus_floridanus,Leporidae,T,3.07,0,0,33.66,33.66,Herbivore,N,Forest,TEF,0,0
Lagomorpha,Sylvilagus_nuttallii,Leporidae,T,2.88,0,0,42.74,42.74,Herbivore,N,Forest,TEF,0,0
Rodentia,Synaptomys_borealis,Muridae,T,1.33,0,0,57.65,57.65,Omnivore,N,Forest,BF,0,0
Rodentia,Synaptomys_cooperi,Muridae,T,1.5,0,0,43.97,43.97,Omnivore,N,Forest,BF,0,0
Rodentia,Tachyoryctes_splendens,Muridae,T,2.33,0,0,4.69,4.69,Omnivore,N,Forest,TRF,0,0
Rodentia,Tamiasciurus_douglasii,Sciuridae,T,2.35,0,0,44.19,44.19,Herbivore,N,Forest,BF,0,0
Rodentia,Tamiasciurus_hudsonicus,Sciuridae,T,2.3,0,0,53.68,53.68,Herbivore,N,Forest,BF,0,0
Rodentia,Tatera_indica,Muridae,T,2.22,0,0,25.26,25.26,Omnivore,N,Forest,TRF,0,0
Rodentia,Thallomys_paedulcus,Muridae,T,1.91,0,0,12.45,-12.45,Omnivore,S,Shrubland,TRS,0,0
Rodentia,Thomomys_talpoides,Geomyidae,T,2.11,0,0,46.19,46.19,Herbivore,N,Forest,TEF,0,0
Artiodactyla,Tragelaphus_angasii,Bovidae,T,4.94,0,0,22.12,-22.12,Herbivore,S,Forest,TRF,0,0
Artiodactyla,Tragelaphus_scriptus,Bovidae,T,4.64,0,0,2.19,-2.19,Herbivore,S,Forest,TRF,0,0
Diprotodontia,Trichosurus_vulpecula,Phalangeridae,T,3.42,0,0,26.19,-26.19,Herbivore,S,Forest,TEF,0,0
Scandentia,Tupaia_belangeri,Tupaiidae,T,2.3,0,0,20.96,20.96,Insectivore,N,Forest,TRF,0,0
Scandentia,Tupaia_glis,Tupaiidae,T,2.2,0,0,1.08,1.08,Insectivore,N,Forest,TRF,0,0
Carnivora,Urocyon_cinereoargenteus,Canidae,T,3.58,0,0,33.13,33.13,Carnivore,N,Forest,TEF,0,0
Carnivora,Urocyon_littoralis,Canidae,T,3.28,0,0,33.64,33.64,Carnivore,N,Forest,TEF,0,0
Rodentia,Uromys_caudimaculatus,Muridae,T,2.81,0,0,6.35,-6.35,Omnivore,S,Forest,TRF,0,0
Artiodactyla,Vicugna_vicugna,Camelidae,T,4.68,0,0,18.44,-18.44,Herbivore,S,Shrubland,TRS,0,0
Carnivora,Viverra_civettina,Viverridae,T,3.81,0,0,10.86,10.86,Carnivore,N,Fresh_water,FWW,0,0
Carnivora,Viverra_megaspila,Viverridae,T,3.97,0,0,17.24,17.24,Carnivore,N,Forest,TRF,0,0
Carnivora,Viverra_tangalunga,Viverridae,T,4,0,0,1.81,1.81,Carnivore,N,Forest,TRF,0,0
Carnivora,Viverra_zibetha,Viverridae,T,4,0,0,23.19,23.19,Carnivore,N,Forest,TRF,0,0
Carnivora,Vulpes_velox,Canidae,T,3.34,0,0,38.51,38.51,Carnivore,N,Grassland,GTE,0,0
Carnivora,Vulpes_vulpes,Canidae,T,3.78,0,0,50.18,50.18,Carnivore,N,Forest,BF,0,0
Rodentia,Xerus_inauris,Sciuridae,T,2.8,0,0,25.33,-25.33,Omnivore,S,Savanna,GS,0,0
Rodentia,Xerus_princeps,Sciuridae,T,2.98,0,0,21.18,-21.18,Omnivore,S,Savanna,GS,0,0